column	auth_residue	pN_ELLSM	pN_REF	diff	p	q
95	1	0.0	0.0	0.0	1.0	1.0
96	2	0.5	0.4375	0.0625	0.6133866133866134	1.0
97	3	0.13636363636363635	0.36448598130841114	-0.2281223449447748	0.34465534465534464	1.0
98	4	0.0	0.10909090909090907	-0.10909090909090907	0.4015984015984016	1.0
99	5	0.0	0.21238938053097342	-0.21238938053097342	0.16683316683316685	1.0
100	6	0.0	0.08333333333333331	-0.08333333333333331	0.6003996003996004	1.0
101	7	0.0	0.0	0.0	1.0	1.0
142	48	0.1	0.2	-0.1	0.6153846153846154	1.0
143	49	0.0	0.0	0.0	1.0	1.0
144	50	0.37500000000000006	0.3	0.07500000000000007	0.2977022977022977	1.0
145	51	0.0	0.03773584905660377	-0.03773584905660377	0.3596403596403596	1.0
222	128	0.0	0.14285714285714282	-0.14285714285714282	0.17482517482517482	1.0
336	242	0.08450704225352113	0.03550295857988166	0.04900408367363947	0.8381618381618382	1.0
337	243	0.452054794520548	0.37078651685393255	0.08126827766661543	0.6773226773226774	1.0
338	244	0.0	0.08333333333333333	-0.08333333333333333	0.5364635364635365	1.0
339	245	0.37500000000000006	0.36065573770491804	0.014344262295082011	0.999000999000999	1.0
340	246	0.6	0.38823529411764707	0.2117647058823529	0.02097902097902098	0.7412587412587412
341	247	0.0	0.0	0.0	1.0	1.0
342	248	0.0	0.125	-0.125	0.5244755244755245	1.0
343	249	0.0	0.0	0.0	1.0	1.0
344	250	0.47619047619047616	0.4931506849315068	-0.016960208741030658	0.8431568431568431	1.0
354	260	0.3243243243243243	0.27272727272727276	0.051597051597051524	1.0	1.0
355	261	0.0	0.0	0.0	1.0	1.0
356	262	0.6774193548387096	0.4583333333333333	0.21908602150537632	0.03896103896103896	0.7412587412587412
357	263	0.0	0.0	0.0	1.0	1.0
358	264	0.0	0.0	0.0	1.0	1.0
359	265	0.0	0.0	0.0	1.0	1.0
429	335	0.0	0.08275862068965517	-0.08275862068965517	0.5654345654345654	1.0
430	336	0.0	0.0	0.0	1.0	1.0
431	337	0.0	0.0	0.0	1.0	1.0
432	338	0.0	0.0	0.0	1.0	1.0
461	367	0.0	0.0	0.0	1.0	1.0
462	368	0.64	0.3728813559322034	0.2671186440677966	0.052947052947052944	0.7412587412587412
463	369	0.07692307692307693	0.0631578947368421	0.013765182186234834	0.7472527472527473	1.0
464	370	0.0	0.0	0.0	1.0	1.0
489	395	0.0	0.0	0.0	1.0	1.0
490	396	0.1	0.16666666666666666	-0.06666666666666665	1.0	1.0
491	397	0.0	0.0	0.0	1.0	1.0
492	398	0.15000000000000002	0.03157894736842105	0.11842105263157898	0.22777222777222778	1.0
493	399	0.31578947368421056	0.22580645161290322	0.08998302207130734	0.5694305694305695	1.0
494	400	0.16901408450704225	0.0	0.16901408450704225	0.1798201798201798	1.0
495	401	0.3	0.25	0.04999999999999999	1.0	1.0
