lane,mechanism,result_class,status,evidence_scope,key_result,quantitative_summary,decision,next_step,claim_boundary,source_artifact_id
tp53_mdm2_elephant,MDM2 mapped-interface enrichment,negative_for_longevity_contrast,shared_interface_constraint_without_robust_longevity_contrast,"mapped human 1YCR/Q00987 interface applied to elephant, mouse and hamster MDM2 embeddings","The mapped interface signal was reproducible, but the long-lived versus short-lived biological contrast was not robust.",Three audited mapped-interface enrichment rows; present_valid embeddings; deterministic controls.,Do not promote MDM2 interface enrichment as a longevity adaptation.,"Handle elephant TP53 retrogenes separately, copy by copy.","Supports shared interface constraint, not beneficial breakage or lifespan causality.",repository:data/output/scoped_mdm2_interface_enrichment.csv
sirt6_dna_repair,SIRT6 interface embedding contrast,confounded_negative,sequence_divergence_confounded,SIRT6 mini-pilot interface enrichment and manual-review outputs,Observed separation could not be interpreted as a longevity mechanism because it tracked broad sequence divergence.,Enrichment approximately 0.69-1.05; silhouette approximately 0.388; 118-residue manual-review shortlist.,Do not expand the embedding-only SIRT6 contrast without stronger independent controls.,Use direct mechanistic sites or wet-lab evidence rather than further global embedding separation.,Statistical separation is not evidence of a DNA-repair or longevity mechanism.,external:sirt6_mini_pilot_outputs
igf_rheb_mtor,RHEB-MTOR interface contrast,closed_shared_negative,no_longevity_associated_interface_shift,comparative interface embedding contrast,No reproducible longevity-associated shift was detected at the RHEB-MTOR interface.,,Lane closed.,No additional structural computation justified.,"Does not rule out expression, localization or pathway-level regulation.",external:rheb_mtor_outputs
ampk_pilot,AMPK interface embedding contrast,closed_shared_negative,no_coherent_interface_embedding_shift,comparative interface embedding contrast,No coherent interface-level embedding shift separated the tested long-lived lineages.,,Stop interface-level AMPK expansion.,Retain only direct downstream regulatory-site exceptions for targeted validation.,Does not rule out altered kinase activity or network-state regulation.,external:ampk_interface_outputs
has2_cd44_nmr,HAS2 functional-axis sequence rescue,positive_computational_candidate,bidirectional_multi_site_embedding_rescue_with_context_dependence,reciprocal human/NMR full-length sequence edits,NMR-associated substitutions produced reciprocal local embedding rescue in both human and NMR backgrounds.,"Local rescue: human 0.7712, NMR 0.8302; global rescue about 0.185/0.194; reciprocal direction cosine 0.9681. Leading sites: 178/181 cluster, N301S and N178S.",Retain as the strongest positive computational lane.,Test a multi-site wet-lab panel with matched single-site and cluster controls.,"Embedding rescue does not establish HAS2 activity, hyaluronan production, CD44 signaling or longevity.",external:has2_cd44_outputs
igf_rheb_mtor,IGF1-IGF1R direct interface,closed_shared_negative,no_nmr_specific_direct_IGF1_IGF1R_interface_rewiring,two structures at 6/7/8 angstrom interface cutoffs,No NMR-specific direct-interface substitutions were found.,Eight non-interface ectodomain substitutions were deferred.,Direct-interface lane closed.,Only revisit with receptor dynamics or expression evidence.,Does not rule out non-interface receptor regulation.,external:igf1_igf1r_outputs
igf_rheb_mtor,TSC2-RHEB catalytic switch,closed_conserved_core,conserved_TSC2_RHEB_catalytic_switch_with_one_weak_nonlocal_variant,seven-species functional-site panel,Catalytic landmarks were conserved in all species.,TSC2 R1580K occurred in two of three long-lived lineages but was approximately 63 residues from the catalytic site.,Do not promote the nonlocal variant without additional mechanism.,Core catalytic lane closed.,A distant recurrent variant is not evidence of altered GAP activity.,external:tsc2_rheb_functional_site_panel
igf_rheb_mtor,TSC1-TSC2 assembly interface,moderate_two_lineage_candidate,two_lineage_TSC1_interface_embedding_candidate_without_unique_position_specificity,"7DL2 interface mapping, six-species alignment, reciprocal ESMC edits and local controls","TSC1 M771V recurred in NMR and Myotis and showed reciprocal local embedding rescue, but stronger nearby interface controls prevented a unique-hotspot claim.","Radius-8 rescue: human to NMR 40.50%, human to Myotis 33.32%, NMR to human 41.96%, Myotis to human 35.32%; direction cosines 0.966-0.983. Focal beat non-interface controls, not all interface controls.",Retain as a regional two-lineage interface candidate.,"Wet-lab panel: WT, M771V, M806V, M845V and V772M.","Supports sequence-context sensitivity in an interface region, not altered binding or mTORC1 function.",external:tsc1_tsc2_outputs
igf_rheb_mtor,AKT1-to-FOXO3 phosphosite motifs,closed_shared_negative,conserved_FOXO3_AKT_phosphosite_motifs,"FOXO3 T32, S253 and S315 across seven species",All three phosphoacceptors and tested motif positions were conserved.,candidate_count=0,Motif lane closed.,"Any future work must test kinase activity, phosphatases, localization or expression.",Sequence conservation does not establish equal phosphorylation dynamics.,external:akt1_foxo3_phosphosite_signal
igf_rheb_mtor,AKT-to-TSC2 phosphosite motifs,closed_shared_negative,conserved_TSC2_AKT_phosphosite_motifs,"TSC2 S939, S981 and T1462 across seven species",All three phosphoacceptors were conserved.,Elephant-only arginine changes near S981 did not repeat in NMR or Myotis.,Motif lane closed.,No embeddings for conserved site-presence questions.,"Does not rule out altered AKT activity, 14-3-3 binding or TSC localization.",external:akt_tsc2_phosphosite_signal
sirt6_dna_repair,Stress SIRT6-to-PARP1 regulation,closed_no_repeated_signal_with_lineage_specific_candidate,myotis_specific_PARP1_K521R,SIRT6 S10 and PARP1 K521 sequence mapping,PARP1 K521 was K in NMR and elephant but R in Myotis. Myotis SIRT6 N-terminus remained unresolved.,NMR K521 stable across four optimal alignments; local-window coverage 16/17.,No shared longevity signal; preserve Myotis K521R as a species-specific candidate.,Targeted PARP1 functional assay or phospho/ADP-ribosylation evidence.,Loss of the exact lysine does not establish altered PARP1 activity or DNA repair.,external:sirt6_parp1_regulatory_site_signal
ampk_pilot,AMPK/mTOR-to-ULK1 phosphoregulation,lineage_specific_direct_site_loss_with_missing_lineage,naked_mole_rat_specific_ULK1_S467G_with_unresolved_myotis,six human-coordinate ULK1 regulatory sites,NMR lost the S467 phosphoacceptor; elephant preserved S; Myotis ULK1 was unavailable in queried UniProt and Ensembl annotations.,NMR full site coverage; Myotis translation_count=0.,"Preserve as an NMR-specific candidate, not a repeated longevity signal.",Comparative phosphoproteomics or a direct S467G functional test.,Sequence loss does not establish altered ULK1 activity or autophagic flux.,external:ampk_mtor_ulk1_phosphosite_signal
ampk_pilot,AMPK-to-RPTOR energy checkpoint,closed_shared_negative,conserved_RPTOR_AMPK_phosphosites,RPTOR S722 and S792 across three short-lived and two long-lived lineages,Both phosphoacceptors and their tested windows were conserved in NMR and Myotis.,candidate_count=0,Lane closed.,No elephant rescue required for the repeated-signal question.,Does not establish equal mTORC1 response dynamics.,external:ampk_rptor_phosphosite_signal
ampk_pilot,AMPK-to-ACC1/ACC2 metabolic checkpoint,closed_no_repeated_signal_with_lineage_specific_candidate,conserved_ACACA_S80_with_myotis_specific_ACACB_S222G,human ACACA S80 and ACACB S222 across seven species,ACACA S80 was conserved in all species. ACACB S222 was lost only in Myotis.,Myotis ACACB S222G; candidate_count=0,No shared longevity signal; preserve the bat-specific ACC2 candidate.,Targeted ACC2 phosphorylation/activity assay.,Sequence loss does not establish altered malonyl-CoA or fatty-acid oxidation.,external:ampk_acc_phosphosite_signal
