source_relative_path,source_size_bytes,source_sha256,generation_copy_decision,included_in_curated_checkpoint,curated_checkpoint_path
akt1_foxo3_phosphosite_signal/__pycache__/run_akt1_foxo3_phosphosite_signal.cpython-313.pyc,27864,389bc40b0ca7a42c825c24b40d148cf79f2a693b5b4efe2c1b50be821e4216c3,excluded_path,False,
akt1_foxo3_phosphosite_signal/foxo3_akt_phosphosite_panel.csv,2065,934a41e5953d2a06039cee5e2c3a1a9ad87092d74e2b709d7ca4cbf818bb6134,csv_not_in_curated_keyword_set,False,
akt1_foxo3_phosphosite_signal/foxo3_akt_phosphosite_signal_summary.json,3413,40373657eef56916608056f9a00aa013aace8453a40439ca3137613018e1eea7,summary_level_json,False,
akt1_foxo3_phosphosite_signal/foxo3_akt_phosphosite_states.csv,31348,080de332053e528754fd7ac0ca08c96ab81ed542f6a6110e2b9f247fc8a527fe,csv_not_in_curated_keyword_set,False,
akt1_foxo3_phosphosite_signal/foxo3_long_lived_motif_candidates.csv,0,e3b0c44298fc1c149afbf4c8996fb92427ae41e4649b934ca495991b7852b855,curated_csv_keyword,False,
akt1_foxo3_phosphosite_signal/foxo3_uniprot_candidates.csv,4073,31fe77b37b5bf9c7349b8ef743867c2a27f0a930906ced6590d0b9e757610e92,curated_csv_keyword,False,
akt1_foxo3_phosphosite_signal/run_akt1_foxo3_phosphosite_signal.py,23890,cfbd12763ed364d32c42105e997b6483d2baf16c58943d3f2af9f51e60cf6579,excluded_path,False,
akt1_foxo3_phosphosite_signal/sequences/elephant_FOXO3_G3UGX0.fasta,700,a49d583c023ccd526ef278a29405f3be8f8230c4adf328b5f04933c7f0aa782c,excluded_path,False,
akt1_foxo3_phosphosite_signal/sequences/hamster_FOXO3_A0A1U8BVG5.fasta,717,43834257d720421bbf518639a54457788c0651dc672c45e64b0bf2eb853df798,excluded_path,False,
akt1_foxo3_phosphosite_signal/sequences/human_FOXO3_O43524.fasta,712,9dd172bc953e7ff8d5fc662ef79165950c2b9279e66b0e261fa3a164d836719b,excluded_path,False,
akt1_foxo3_phosphosite_signal/sequences/mouse_FOXO3_Q9WVH4.fasta,711,67758d799d4312c9798e4898c2e0bef2f5956012e278b3e23f976212f819fb24,excluded_path,False,
akt1_foxo3_phosphosite_signal/sequences/myotis_lucifugus_FOXO3_G1NY74.fasta,722,e4b34c7faf12c30b48cbd23fbad665ddbc2fa587eaeefee490a5ca03a539300f,excluded_path,False,
akt1_foxo3_phosphosite_signal/sequences/naked_mole_rat_FOXO3_A0AAX6PMZ3.fasta,723,8360e7df45682562377e0a6cd2624b44f4874fd5afc8e18f7385f295c1e6905a,excluded_path,False,
akt1_foxo3_phosphosite_signal/sequences/rat_FOXO3_D3ZBQ1.fasta,709,ba31de80e5a862bff591777e6e2cdddb55ffccbeb57de99bc1023f6e6092475d,excluded_path,False,
akt_tsc2_phosphosite_signal/__pycache__/run_akt_tsc2_phosphosite_signal.cpython-313.pyc,23240,69cdfd2499ca73ccbad0eb0c43309961e323df3ba0f47b36c57c2a670fce32d8,excluded_path,False,
akt_tsc2_phosphosite_signal/akt_tsc2_long_lived_motif_candidates.csv,0,e3b0c44298fc1c149afbf4c8996fb92427ae41e4649b934ca495991b7852b855,curated_csv_keyword,False,
akt_tsc2_phosphosite_signal/akt_tsc2_phosphosite_panel.csv,1560,c915524713671d0b05f5a0ef78fc2fc5e82f7bc24203066bc43b285cae7a83b8,csv_not_in_curated_keyword_set,False,
akt_tsc2_phosphosite_signal/akt_tsc2_phosphosite_signal_summary.json,5334,500d31dc40a5bcbfe69cf076974b2fec583725e6b98f555bd3e77172e632edd6,summary_level_json,False,
akt_tsc2_phosphosite_signal/akt_tsc2_phosphosite_states.csv,37790,2169668f5e9fb2cb0d3859010a80c5b7dce298bfb61d8aa6fb71448f100e1566,csv_not_in_curated_keyword_set,False,
akt_tsc2_phosphosite_signal/run_akt_tsc2_phosphosite_signal.py,27941,81bbbed397fe4843cc2246df1fb9ba69db92847728eaf7db849d2e21797d59e5,excluded_path,False,
ampk_5iso_full_length_human_embeddings/ampk_human_embedding_execution_report.json,1923,36e8548ce69edfd0e42954cff80d64412ba0b723835ed8575986b3698e1b2f44,summary_level_json,False,
ampk_5iso_full_length_human_embeddings/ampk_human_embedding_execution_results.csv,857,90d7993acb6b9a350797249a3a12588ef54a2783a05739fc7fa9b8a89a48950a,csv_not_in_curated_keyword_set,False,
ampk_5iso_sequence_context_audit/ampk_human_embedding_context_audit.csv,1889,0ee98755657bab59dccea89f5c754df5635f4686eb9590dd007311abcad1ac84,curated_csv_keyword,False,
ampk_5iso_sequence_context_audit/ampk_sequence_context_audit.json,7514,5cbaa1470376bcf8596cc51fd7cd14a8691b89e7312f85e2cff2a23283442f42,summary_level_json,False,
ampk_5iso_sequence_context_audit/P54646.fasta,698,fa8abc4d21b1a88d721fd79171286d48f7366b97fea8b10e32aeebb6957c4c27,unsupported_extension,False,
ampk_5iso_sequence_context_audit/Q9Y478.fasta,395,55b7020e32a8aaad6ec726ed2be00a94512a8f87ec1b5a0003887b1f592bc3d1,unsupported_extension,False,
ampk_5iso_strict_full_length_result/ampk_5iso_cutoff_sensitivity.csv,6492,b9ade7b61eca795df29a0ee89b55f4b4dd6ea53e1c5b83f2144060d836bfe5f4,csv_not_in_curated_keyword_set,False,
ampk_5iso_strict_full_length_result/ampk_5iso_cutoff_sensitivity_summary.json,3547,f294c072c053d900cb506e1ccbe7a2d0dacf601830454a2f21d503399713fb93,summary_level_json,False,
ampk_5iso_strict_full_length_result/ampk_5iso_fragment_to_full_length_interface_mapping.csv,41014,469075a4f79f437178b582ffbda43c4b24c03bff5bdb38db5a996320d585f3ef,csv_not_in_curated_keyword_set,False,
ampk_5iso_strict_full_length_result/ampk_5iso_strict_full_length_enrichment.csv,5901,7135557d2547f61ce1aa267eb332f57013496fa07935d009872fb674e52c9610,curated_csv_keyword,False,
ampk_5iso_strict_full_length_result/ampk_5iso_strict_full_length_summary.json,18054,cb689d74d5998d6075e31fbb96de8e1b4740116d0cb4a3ee4b520f47daab857c,summary_level_json,False,
ampk_acc_phosphosite_signal/__pycache__/run_ampk_acc_phosphosite_signal.cpython-313.pyc,34501,682045caae8b09c00400c93227600912dd3adf6072c0fc5ac32be7fe260f4d3e,excluded_path,False,
ampk_acc_phosphosite_signal/acc_long_lived_site_candidates.csv,0,e3b0c44298fc1c149afbf4c8996fb92427ae41e4649b934ca495991b7852b855,curated_csv_keyword,False,
ampk_acc_phosphosite_signal/acc_phosphosite_panel.csv,3212,81d432b12b5661402ddfa3b62871cdaaa56c8b572144dfef4b2b714d95b4ad93,csv_not_in_curated_keyword_set,False,
ampk_acc_phosphosite_signal/acc_phosphosite_signal_summary.json,3546,8bb04dccd4aefdb2a6ba01891fb15503f7c0f0b01a56e00de83b523b6f657301,summary_level_json,False,
ampk_acc_phosphosite_signal/acc_phosphosite_states.csv,44314,8a4bc88a7e26e0639c0c944a3c1decacf0128728b168cbd67b6dd90fd5455afc,csv_not_in_curated_keyword_set,False,
ampk_acc_phosphosite_signal/acc_uniprot_candidates.csv,14605,2c0d89ef0424284778ba762df1ed4df0239b473d1878e12025373ebf565a3554,curated_csv_keyword,False,
ampk_acc_phosphosite_signal/run_ampk_acc_phosphosite_signal.py,45189,889c1c2a20480616d675b07babab55cfe518b8aa0a6191cf767292c951558d14,excluded_path,False,
ampk_acc_phosphosite_signal/sequences/elephant_ACACA_G3SQU6.fasta,2428,be0388dcc3ca8e8cc1ca5926c42d3e936ca2c367c59fce9ebc5ca9f0f7d57b2f,excluded_path,False,
ampk_acc_phosphosite_signal/sequences/elephant_ACACB_G3TBG5.fasta,2416,5cddec12447c4da830fa3ed57f92273ca87cccf12da97c71fcaf18e0dd48c569,excluded_path,False,
ampk_acc_phosphosite_signal/sequences/hamster_ACACA_A0A1U8C2S7.fasta,2433,396a8b3817999e056ad4c8464f73904f6bc21e921325deef76947f454da4dffb,excluded_path,False,
ampk_acc_phosphosite_signal/sequences/hamster_ACACB_A0ABM2W8D5.fasta,2547,79fd1c14331ac849a5c18195ed498c79133840656211f589e193be3315e8646b,excluded_path,False,
ampk_acc_phosphosite_signal/sequences/human_ACACA_Q13085.fasta,2427,d0a3d01ce5116936b3b76d9e5fa643ed87597122c44dd1c06eca8b3ea8ede0e8,excluded_path,False,
ampk_acc_phosphosite_signal/sequences/human_ACACB_O00763.fasta,2541,f0f57e250dfec760c7a34c18b83b6f4e753886b02108c86cc377e634ba84560a,excluded_path,False,
ampk_acc_phosphosite_signal/sequences/mouse_ACACA_Q5SWU9.fasta,2426,f2ef5b9f51473da12a993af5284b0dad98afcc6c9105f60d18dfe84975163493,excluded_path,False,
ampk_acc_phosphosite_signal/sequences/mouse_ACACB_E9Q4Z2.fasta,2531,b279e2bd5de8ba0b49451f1e0280bacf2c9a816e6c0540f76a87158d5c813f49,excluded_path,False,
ampk_acc_phosphosite_signal/sequences/myotis_lucifugus_ACACA_G1PQT0.fasta,2438,bc770ea3ecabe8e76f6522ae18214e4991662c9492412de9c4d68d10ff44a618,excluded_path,False,
ampk_acc_phosphosite_signal/sequences/myotis_lucifugus_ACACB_G1P779.fasta,2547,5ad63120601b91b4dcd8e68ebcd013fc601c12658ee3adb4c4b7c195051d4707,excluded_path,False,
ampk_acc_phosphosite_signal/sequences/naked_mole_rat_ACACA_A0AAX6QP34.fasta,2451,bbfc10960f4e48292e0e984800685652798dd1bc851ce641e04294df8ffc6e42,excluded_path,False,
ampk_acc_phosphosite_signal/sequences/naked_mole_rat_ACACB_A0A0P6K3R0.fasta,2530,0ea21ea52f225ecb74326dd118985c6fdc9600ac4dacca2c673ca69e2501dd61,excluded_path,False,
ampk_acc_phosphosite_signal/sequences/rat_ACACA_P11497.fasta,2424,f5aa021e06f9b5db45c23fd520e4c12cb85c22b94a20314f9d9bdb5017f7fd65,excluded_path,False,
ampk_acc_phosphosite_signal/sequences/rat_ACACB_A0A8I6ART3.fasta,2344,4fc7f798643a108eb06496faac94c2c43aa55385bc505a22cc3062c9634c7ebf,excluded_path,False,
ampk_complex_chain_deltas.csv,2010,d18527d76745e945c9564f6a22f2c045b9a0cddb00daa67c5ac67abfb5a74e9f,csv_not_in_curated_keyword_set,False,
ampk_complex_level_deltas.csv,609,a346eea3faaf184a6970d576375b8f7454bdf4cde1d017b6a43f8cdb61409d0c,csv_not_in_curated_keyword_set,False,
ampk_complex_robustness_summary.csv,863,e0efe8d74568c384d187b2d81066c538a3fd2243cfa09342f9d0544ae6edf9a1,curated_csv_keyword,False,
ampk_leave_one_complex_out.csv,2147,a38641f745539cb7e50d0f8c860df2b87ae205fa7f081ccc999d814afb8c9480,csv_not_in_curated_keyword_set,False,
ampk_mtor_ulk1_phosphosite_signal/__pycache__/run_ampk_mtor_ulk1_phosphosite_signal.cpython-313.pyc,33237,4a7799afa405ef1a1704f4f871894c828d5332ee402d5ec4f61a2f04402d66c0,excluded_path,False,
ampk_mtor_ulk1_phosphosite_signal/myotis_ensembl_rescue/__pycache__/run_myotis_ulk1_ensembl_rescue.cpython-313.pyc,28126,50554e2a9daab9ee6b8badd82d5d2a5a3436437a1243bf4bba2fbd4f6a80a2cf,excluded_path,False,
ampk_mtor_ulk1_phosphosite_signal/myotis_ensembl_rescue/myotis_ulk1_ensembl_candidates.csv,0,e3b0c44298fc1c149afbf4c8996fb92427ae41e4649b934ca495991b7852b855,curated_csv_keyword,False,
ampk_mtor_ulk1_phosphosite_signal/myotis_ensembl_rescue/myotis_ulk1_ensembl_rescue_summary.json,1395,9e168c065d99efe9b4bb1c2b97c13bc23f389d310ccb33aa7fedec67fcbcde45,summary_level_json,False,
ampk_mtor_ulk1_phosphosite_signal/myotis_ensembl_rescue/run_myotis_ulk1_ensembl_rescue.py,31106,6cebe21e2439c050c07cc042b7dca26657544855d516f91fb9645b2af007e863,excluded_path,False,
ampk_mtor_ulk1_phosphosite_signal/myotis_ensembl_rescue/ulk1_completed_phosphosite_states.csv,83283,87a351841f31892faf3dc0bb4b2cab9195a3ce256b393de3cab53ecf57876261,csv_not_in_curated_keyword_set,False,
ampk_mtor_ulk1_phosphosite_signal/run_ampk_mtor_ulk1_phosphosite_signal.py,42786,ea2fafc5e776964db3d4c74b02966c19ede7a78c02a3cb2e14b3a52c0a2c1125,excluded_path,False,
ampk_mtor_ulk1_phosphosite_signal/sequences/elephant_ULK1_G3SSI6.fasta,1107,d3e59bf7d7cd97f16600a1acf0453c361e5e9e0923c238df9208d2dddadc6913,excluded_path,False,
ampk_mtor_ulk1_phosphosite_signal/sequences/hamster_ULK1_A0A1U7R152.fasta,1105,353394ccac7f8b5cb0ad6eb14c04d87f03af9de9d7edc512a29a0c82e8951ca6,excluded_path,False,
ampk_mtor_ulk1_phosphosite_signal/sequences/human_ULK1_O75385.fasta,1098,e56cd199812ddc7e3546dc4f7f1b06edad04bb968f770548536bb03455f34ba7,excluded_path,False,
ampk_mtor_ulk1_phosphosite_signal/sequences/mouse_ULK1_O70405.fasta,1099,35038ded0929488d95b76e78d139a8435d681de1eaac481448604c6601ab29a5,excluded_path,False,
ampk_mtor_ulk1_phosphosite_signal/sequences/naked_mole_rat_ULK1_A0A0P6J6Y1.fasta,1106,9cc1e85e14b7bac25fc7168045fd2d51b49af07681266cc72909624ff7dc22f0,excluded_path,False,
ampk_mtor_ulk1_phosphosite_signal/sequences/rat_ULK1_D3ZMG0.fasta,1103,5592ca28d9eee5ab690709382f29312c126717ecabafd4d8294ad9d764ac1db6,excluded_path,False,
ampk_mtor_ulk1_phosphosite_signal/ulk1_long_lived_site_candidates.csv,0,e3b0c44298fc1c149afbf4c8996fb92427ae41e4649b934ca495991b7852b855,curated_csv_keyword,False,
ampk_mtor_ulk1_phosphosite_signal/ulk1_phosphosite_panel.csv,1404,f27f71584a93b3eff6fcb1041de993c2d871cc9aa598b612e231dd3fcb43788d,csv_not_in_curated_keyword_set,False,
ampk_mtor_ulk1_phosphosite_signal/ulk1_phosphosite_signal_summary.json,5546,666023dc0484fb6bd978c7306dc6e46fac99ce8bcb243446ab6696650de2a70f,summary_level_json,False,
ampk_mtor_ulk1_phosphosite_signal/ulk1_phosphosite_states.csv,83283,87a351841f31892faf3dc0bb4b2cab9195a3ce256b393de3cab53ecf57876261,csv_not_in_curated_keyword_set,False,
ampk_mtor_ulk1_phosphosite_signal/ulk1_uniprot_candidates.csv,6749,22ce24b5acb129e75bbd5efea2c2d6b9e2d1140c15ae0b863fac4e60c5ca8ef1,curated_csv_keyword,False,
ampk_null_vs_signal_classification.csv,819,81e1f5b3c821d40bc8be060ca35d05686c944324af49fe34a610c771461d0035,curated_csv_keyword,False,
ampk_rptor_phosphosite_signal/__pycache__/run_ampk_rptor_phosphosite_signal.cpython-313.pyc,31926,a33e282cab9e8eb07b2c75e7d30fb198e3e90299d2dbd9bf8cd4b583f45c6ae2,excluded_path,False,
ampk_rptor_phosphosite_signal/rptor_long_lived_site_candidates.csv,0,e3b0c44298fc1c149afbf4c8996fb92427ae41e4649b934ca495991b7852b855,curated_csv_keyword,False,
ampk_rptor_phosphosite_signal/rptor_phosphosite_panel.csv,1393,d870c8eb87322dff1b2970b8f6dc7d6f6b388fb1dded846652b67533c3859c7a,csv_not_in_curated_keyword_set,False,
ampk_rptor_phosphosite_signal/rptor_phosphosite_signal_summary.json,3158,01942509288f575e10153d367d2157c11587895b9e4d45e3fac035ed71840ce5,summary_level_json,False,
ampk_rptor_phosphosite_signal/rptor_phosphosite_states.csv,34355,c967becb55533a932ed41d9c62a86986ce70d918526de2d146688adb801551bc,csv_not_in_curated_keyword_set,False,
ampk_rptor_phosphosite_signal/rptor_uniprot_candidates.csv,7578,a50ae017122fbb40e9b5215027175d1f38baf94f9276489ccb39a2502694c1e1,curated_csv_keyword,False,
ampk_rptor_phosphosite_signal/run_ampk_rptor_phosphosite_signal.py,40136,ee1937da49370e07a5cc388f0e1c30abd53cfcc7d48de44bb6bdf2afe24b4d12,excluded_path,False,
ampk_rptor_phosphosite_signal/sequences/hamster_RPTOR_A0ABM2XTS3.fasta,1396,a870e4010339221af44326021813568eefcae0c7bebdc6fbfc64667251a2a22f,excluded_path,False,
ampk_rptor_phosphosite_signal/sequences/human_RPTOR_Q8N122.fasta,1390,e2ef1b027606b6c9937f13931b06f939231e60d04c68d16991cc07f651f8cc3d,excluded_path,False,
ampk_rptor_phosphosite_signal/sequences/mouse_RPTOR_Q8K4Q0.fasta,1390,f9785f10288b2a53ec9e26350705f57e07bd918d64d696c12200acb8d2858233,excluded_path,False,
ampk_rptor_phosphosite_signal/sequences/myotis_lucifugus_RPTOR_G1PCJ8.fasta,1070,d300245d95e9a8429a539c5a5ebb9b179e5e7169ac7c6ccb42c4a9cd65f09156,excluded_path,False,
ampk_rptor_phosphosite_signal/sequences/naked_mole_rat_RPTOR_A0AAX6PX54.fasta,1402,deee7965ec6eb1faaf5ba29eeb43ad98cfa40fa0245d32c6c6609a2b48eae951,excluded_path,False,
ampk_rptor_phosphosite_signal/sequences/rat_RPTOR_D3ZDU2.fasta,1406,d362580eaa77da14b44f36245dc32a763ace936bd9780ba76a380cd173f49e0d,excluded_path,False,
has2_cd44_inventory/has2_cd44_inventory_summary.txt,2193,38cd65409298e38b7bd8caacc54478c9458f3212081005f30c8204981d66239e,unsupported_extension,False,
has2_cd44_inventory/has2_cd44_matching_rows.csv,2952,1f6191bc8f34b5cfaaabe3f99d87586b6051cd6a567906096ec132b7c245beab,csv_not_in_curated_keyword_set,False,
has2_cd44_inventory/has2_cd44_pinder_matching_rows.csv,87,2a57f521224e324ca219a8c62c92834b57b32be9091f06791687fa27cf7498f7,csv_not_in_curated_keyword_set,False,
has2_cd44_inventory/has2_cd44_pinder_targeted_inspection.json,4930,73992708ec4a987f5fc4eca51c5131652bb73eb46a50fb5201c792fc92a83c86,summary_level_json,False,
has2_cd44_inventory/has2_cd44_repo_inventory.json,88879,c8c3ae345fc43a6d12b6ed80b9e3031021e8c7ab260e331d39acce37f6d79a43,summary_level_json,False,
has2_reciprocal_mutational_cycle/__pycache__/run_has2_178_181_cluster.cpython-313.pyc,16690,b9cac7d793e6396410d3e384d523233d92ea2c6e72c82940f204bed67583f73d,excluded_path,False,
has2_reciprocal_mutational_cycle/__pycache__/run_has2_complete_six_site.cpython-313.pyc,25625,c6835c6fa8b78b499b006751c1bfa8f2b7c9572d3cdc22b383b603de78582521,excluded_path,False,
has2_reciprocal_mutational_cycle/__pycache__/run_has2_mutational_cycle.cpython-313.pyc,17934,b2038040db2f6dfdaaab49e0ffbf7f1de8bc60c22b2d0f4bf7936f133bda3397,excluded_path,False,
has2_reciprocal_mutational_cycle/__pycache__/run_has2_transfer_attribution.cpython-313.pyc,14178,8cba8310409f7df630299eaf20561831718d8dac4aa228f228841f29f8d829f6,excluded_path,False,
has2_reciprocal_mutational_cycle/embedding_store/embeddings/esmc-300m-2024-12/has2_178_181_local_cluster_v1_human_n178s_i181v_9606.npy,2119808,e2a25bad502ca84597f302c61e14008e03da82d7c53bc481bd1bf18615fedd4b,excluded_path,False,
has2_reciprocal_mutational_cycle/embedding_store/embeddings/esmc-300m-2024-12/has2_178_181_local_cluster_v1_nmr_s178n_v181i_10181.npy,2119808,9e08e03f781cce0f40e692947e0786979389c723dd621a681103ffdb4afc8d18,excluded_path,False,
has2_reciprocal_mutational_cycle/embedding_store/embeddings/esmc-300m-2024-12/has2_complete_six_site_decomposition_v1_human_e125d_9606.npy,2119808,3319f1488c974e9d7c8d69141c19ea93f0d452c1f66cfc6c7308dad04d50d307,excluded_path,False,
has2_reciprocal_mutational_cycle/embedding_store/embeddings/esmc-300m-2024-12/has2_complete_six_site_decomposition_v1_human_i181v_9606.npy,2119808,d560a93336e5ceedfbdeb4f3e5b5e8052318a87cf6693bb8a24e0e49c93caf45,excluded_path,False,
has2_reciprocal_mutational_cycle/embedding_store/embeddings/esmc-300m-2024-12/has2_complete_six_site_decomposition_v1_human_i381v_9606.npy,2119808,e01597a22c7bf81f3e919b9970a9fdb42cbc6de00ec402bb63908f7bf5fc4126,excluded_path,False,
has2_reciprocal_mutational_cycle/embedding_store/embeddings/esmc-300m-2024-12/has2_complete_six_site_decomposition_v1_human_r502k_9606.npy,2119808,583f2739824feb9afd6f11e051c319748334a368804f99fb8346c5334b4864ea,excluded_path,False,
has2_reciprocal_mutational_cycle/embedding_store/embeddings/esmc-300m-2024-12/has2_complete_six_site_decomposition_v1_nmr_d125e_10181.npy,2119808,f1e072d6732b3ec942db07179ff85b67d835ada54f6551adf53cedca147e6b5b,excluded_path,False,
has2_reciprocal_mutational_cycle/embedding_store/embeddings/esmc-300m-2024-12/has2_complete_six_site_decomposition_v1_nmr_k502r_10181.npy,2119808,1ecf5f7f6beb2dee828d1467fb0d0a3a095a82763ec7a06e3d341ab007cd6e36,excluded_path,False,
has2_reciprocal_mutational_cycle/embedding_store/embeddings/esmc-300m-2024-12/has2_complete_six_site_decomposition_v1_nmr_v181i_10181.npy,2119808,d9a781875e4eb8fd2df1c2185efc6f3ee3781c1b56fe21a94fb1313ab34591a8,excluded_path,False,
has2_reciprocal_mutational_cycle/embedding_store/embeddings/esmc-300m-2024-12/has2_complete_six_site_decomposition_v1_nmr_v381i_10181.npy,2119808,e9b1ca068796a08f0c7f115239706cafb5f0e09174dfcf68b141d0b91fa06ad5,excluded_path,False,
has2_reciprocal_mutational_cycle/embedding_store/embeddings/esmc-300m-2024-12/has2_reciprocal_mutational_cycle_v1_human_double_9606.npy,2119808,bf8bfc485618817325d638488cc16eb324967870b22b9620509064f60e3de3b3,excluded_path,False,
has2_reciprocal_mutational_cycle/embedding_store/embeddings/esmc-300m-2024-12/has2_reciprocal_mutational_cycle_v1_human_n178s_9606.npy,2119808,9ecce02824ecbdacffe4ebe23f0a90e4193b5c8d1802944ac23b8d8cc038d916,excluded_path,False,
has2_reciprocal_mutational_cycle/embedding_store/embeddings/esmc-300m-2024-12/has2_reciprocal_mutational_cycle_v1_human_n301s_9606.npy,2119808,6ed77872420e2722362940aca507b0f140d0d6cd2c9b45a02ef16507bcdb2c53,excluded_path,False,
has2_reciprocal_mutational_cycle/embedding_store/embeddings/esmc-300m-2024-12/has2_reciprocal_mutational_cycle_v1_human_wt_9606.npy,2119808,8ad5f0d9383a9524b58371791d7f84884aae317ab1c08834fcef37deaeed46b7,excluded_path,False,
has2_reciprocal_mutational_cycle/embedding_store/embeddings/esmc-300m-2024-12/has2_reciprocal_mutational_cycle_v1_nmr_double_revertant_10181.npy,2119808,e6e154f9d705ddb604668d9955ed1ccf6ecf920a6c81742c784c94a7c3f955e6,excluded_path,False,
has2_reciprocal_mutational_cycle/embedding_store/embeddings/esmc-300m-2024-12/has2_reciprocal_mutational_cycle_v1_nmr_s178n_10181.npy,2119808,a8901b7e3c0bbfac3656a0dc1a29ba7c3c9ded6549e477ca92b2ec74011d33d5,excluded_path,False,
has2_reciprocal_mutational_cycle/embedding_store/embeddings/esmc-300m-2024-12/has2_reciprocal_mutational_cycle_v1_nmr_s301n_10181.npy,2119808,3a22443947d9a560ac0a2a605d3d35e89dce1d753e8f15ed6eb8f6eb6cc9e6ae,excluded_path,False,
has2_reciprocal_mutational_cycle/embedding_store/embeddings/esmc-300m-2024-12/has2_reciprocal_mutational_cycle_v1_nmr_wt_10181.npy,2119808,5840b1cdcc9796ef17b2b30f5f16f5944706ecf2a2dfefdc86e7c06d20903de4,excluded_path,False,
has2_reciprocal_mutational_cycle/has2_178_181_cluster_embeddings.csv,589,3ff4508239b3ca92528a75f3b5ae2db56659626bf6ae5c542d0124bc977fb202,csv_not_in_curated_keyword_set,False,
has2_reciprocal_mutational_cycle/has2_178_181_cluster_result.csv,693,1d858ecc5aa541bad7b8385800eb51eea3ecf4674e5ab720ce228a39dc2b0803,csv_not_in_curated_keyword_set,False,
has2_reciprocal_mutational_cycle/has2_178_181_cluster_summary.json,2559,fbd5593d21d2162d54dbdd578d6ea030cff9520fcace2d260d26c635370a13bb,summary_level_json,False,
has2_reciprocal_mutational_cycle/has2_complete_six_site_attribution.csv,1752,385b5aade2654a6f1f1681da74c3cd71f1a965497a22d35d55893a7658c340ce,csv_not_in_curated_keyword_set,False,
has2_reciprocal_mutational_cycle/has2_complete_six_site_summary.json,4003,b8630f76cdb2cffb2f3de0849cc2fe2b690c1a2aa6ce2197a9da13b1bac41742,summary_level_json,False,
has2_reciprocal_mutational_cycle/has2_mutational_additivity.csv,884,677bebd3df8d932be2569d218a5ad8dcebf509354068426cc8ccf09270c3fe07,csv_not_in_curated_keyword_set,False,
has2_reciprocal_mutational_cycle/has2_mutational_cycle_effects.csv,881,37bcd01109197535511016f5f74585458c25f30bcbc1ce1c07c6c9995433080a,csv_not_in_curated_keyword_set,False,
has2_reciprocal_mutational_cycle/has2_mutational_cycle_embeddings.csv,3361,9eadb865baa8b8a273b27fff654ec3893057d66c34e6d9c49507f3b153734e4d,csv_not_in_curated_keyword_set,False,
has2_reciprocal_mutational_cycle/has2_mutational_cycle_summary.json,2902,c3915ddff1669accce95b0f569df2cb47f977b53ae0b37d58593fc064664063c,summary_level_json,False,
has2_reciprocal_mutational_cycle/has2_remaining_four_embeddings.csv,3426,4ae184f5c658f957c6f7b17c72fea9973420f89378fdddb7ce43e23ed23a0154,csv_not_in_curated_keyword_set,False,
has2_reciprocal_mutational_cycle/has2_transfer_attribution.csv,3710,4df8cc19dc681f51c661b0b046eaf36948656de688d0a17d506c5f62735ab2b4,csv_not_in_curated_keyword_set,False,
has2_reciprocal_mutational_cycle/has2_transfer_attribution_summary.json,2980,d70cb2a49f2739dc8f9d419adbef68c95e992b0c5c0e8cc5c359fc22da432e55,summary_level_json,False,
has2_reciprocal_mutational_cycle/has2_two_vs_four_partition.csv,502,5bd9c9a94bbc097272b114b1f4f7dee4b6715e19268601807eb6fbda78880b2a,csv_not_in_curated_keyword_set,False,
has2_reciprocal_mutational_cycle/run_has2_178_181_cluster.py,13159,5a52c3d4c72259a05f26cab6131dd8a87b6f7fefba001bc3bf40dfb301778297,excluded_path,False,
has2_reciprocal_mutational_cycle/run_has2_complete_six_site.py,22661,2f473043f25aff4068ca4c600c70e2e33d6edf9ce56d263684b88b13c7378b1b,excluded_path,False,
has2_reciprocal_mutational_cycle/run_has2_mutational_cycle.py,13639,546641024c83c211a421355a78cc0570a91f1da70cd33908a9e25297bb321d57,excluded_path,False,
has2_reciprocal_mutational_cycle/run_has2_transfer_attribution.py,12668,4d306185be05b83eaa7807ed3ae1be27f37ea1b27b5098211f1051e89b801fee,excluded_path,False,
has2_sequence_panel/has2_sequence_panel.csv,2165,1a6730fe4ff2d6fa27f191c115557bc434088f565f8f7dc5fe404bdf5bf20f9a,csv_not_in_curated_keyword_set,False,
has2_sequence_panel/has2_sequence_panel.json,5596,2cdb0188c5554c2725a685545812f2f09c69ee28197e589136695914acdfa997,summary_level_json,False,
has2_sequence_panel/has2_uniprot_candidates.csv,1715,cdd3835846f71edb6d76d1bd6f8fa2155ab701d2806f55673580f9a7f62fca94,curated_csv_keyword,False,
has2_sequence_panel/sequences/elephant_G3SMT8.fasta,588,9ee70cf438e914ea4ef9366b2adc64db90cf54d891fa3163a2664cf9242409c4,excluded_path,False,
has2_sequence_panel/sequences/hamster_A0A1U8CRG4.fasta,592,198030f28d0f73c208fc6da2506034336e6e96839954ffcb37912c4ce8f1c77d,excluded_path,False,
has2_sequence_panel/sequences/human_Q92819.fasta,585,f7ca91839e0dd276a4db9bbbbece512686c555a22e8507f5f9014572bca480b0,excluded_path,False,
has2_sequence_panel/sequences/mouse_P70312.fasta,586,e5ccbaec529182cf2997c91b4602bffaaba2fb3edaa2986c57bc8d985966fe3d,excluded_path,False,
has2_sequence_panel/sequences/myotis_lucifugus_G1P7Y8.fasta,597,8bd112dbb77b4e3b797b5c20e7402389b8b1d73c81fded7d24ac116ec6bef66a,excluded_path,False,
has2_sequence_panel/sequences/naked_mole_rat_G5AY81.fasta,595,aa7ec226fde53cb9790aa63f77a1f2fb60fb1e0f46a4ced09b06b19aaedfe991,excluded_path,False,
has2_sequence_panel/sequences/rat_O35776.fasta,584,b3d317a1a2db7cc66ce646f17fbfebdcb1789a4d84e48332a742ce6da6a0f7b6,excluded_path,False,
has2_sequence_signal/has2_candidate_shortlist.csv,1303,d693716dc334cf09197b1da7242bd1156a7261011c995d1cf883454a45721548,curated_csv_keyword,False,
has2_sequence_signal/has2_candidate_shortlist.json,5264,add6e188c4c6a61338d3f201731cd83675d26e29bf578356b2110bbaaa155a9f,summary_level_json,False,
has2_sequence_signal/has2_human_alignment_summary.csv,1237,ec6e17a93e98db49442e34c1f35dc9b9ce66765444026cf41426db6bdc5c004d,curated_csv_keyword,False,
has2_sequence_signal/has2_nmr_vs_human_substitutions.csv,1070,4c41205d65ff03369b4d3728ff9750fd10d5b6d0ed8baebdb5535182491b5c68,csv_not_in_curated_keyword_set,False,
has2_sequence_signal/has2_nmr_vs_short_consensus_substitutions.csv,982,116e81748ef2750688ac030267e5a82fcb0d6fe187f447a887a795c09d9f3a81,csv_not_in_curated_keyword_set,False,
has2_sequence_signal/has2_pairwise_identity.csv,3928,289caae424c6af21e058ac168c09963b9a63bd44fb48989fc902f87e123af710,csv_not_in_curated_keyword_set,False,
has2_sequence_signal/has2_panel_position_states.csv,58615,b7b2007f3509446a4a52f40290df553d6f7acabca40fa8eeef712dd5e6b39de9,csv_not_in_curated_keyword_set,False,
has2_sequence_signal/has2_sequence_signal_summary.json,4088,16d654c7b8b6095d2648aecf28dd7a600cc46f17ca4262bf5b095fea988fde98,summary_level_json,False,
igf1_igf1r_feasibility/__pycache__/run_igf1_igf1r_feasibility.cpython-313.pyc,10003,a120f8af66484e133e043e98f3e5c2c2076ffbad4c156398544f0c636bda343e,excluded_path,False,
igf1_igf1r_feasibility/run_igf1_igf1r_feasibility.py,8299,84a6b6b4d8a5d8528ff4c78a6a88013eed28856d1ad7c1bdeac0c7016448f8b0,excluded_path,False,
igf1_igf1r_sequence_panel/__pycache__/run_igf1_igf1r_sequence_panel.cpython-313.pyc,22029,b56c0fef58a8c01a14f7c9861b0bdf409119581339e80c18dbb0b169bdeaecad,excluded_path,False,
igf1_igf1r_sequence_panel/__pycache__/run_igf1_igf1r_unresolved_candidate_audit.cpython-313.pyc,8903,c96543f2c2a68de9a688d433ebf56b5bad79682d5d24990c3d49757108eda35f,excluded_path,False,
igf1_igf1r_sequence_panel/igf1_igf1r_sequence_panel.csv,8455,6ad7579be6cdf63f0fd4f1532462520e5ba30784bf5dabba33bf41a2fccee0b3,csv_not_in_curated_keyword_set,False,
igf1_igf1r_sequence_panel/igf1_igf1r_sequence_panel_summary.json,1230,7aad4767dc6ea31c9d782fc04d80146113341617fdc579c52f928196be1a8182,summary_level_json,False,
igf1_igf1r_sequence_panel/igf1_igf1r_uniprot_candidates.csv,19566,0614ce2519a943944d17077cdd082e1a3ca04c27bcb223e899abb968d75605c0,curated_csv_keyword,False,
igf1_igf1r_sequence_panel/igf1_igf1r_unresolved_candidate_audit.csv,3839,cc4716a02216df93470ff6859e9700f1d2d332ca8568275e3d388853572bb2bb,curated_csv_keyword,False,
igf1_igf1r_sequence_panel/igf1_igf1r_unresolved_candidate_audit.json,670,6b6bbe6a7137a6b65a0b2c7e0ff7c99554a09098acd824ea45afb697af9a638b,summary_level_json,False,
igf1_igf1r_sequence_panel/run_igf1_igf1r_sequence_panel.py,23017,073010929ddbcbe1704ed21923faac04cf98b39025c50387caae1aae0d154f2a,excluded_path,False,
igf1_igf1r_sequence_panel/run_igf1_igf1r_unresolved_candidate_audit.py,8170,004c90fbd9199a8c77e25d16401e8f76278149aa569b01d4dbc80a44b32bf0dd,excluded_path,False,
igf1_igf1r_sequence_panel/sequences/bowhead_whale_IGF1_A0A7J8FY20_context.fasta,113,3db35a342f9b1490d6639a38e30fc703194a15a74fb130ef068dfe33601f3340,excluded_path,False,
igf1_igf1r_sequence_panel/sequences/bowhead_whale_IGF1_A0A7J8FY20_full.fasta,230,1fa1535536250ccd4753cc1c27ad80a6ae454dd6ee6d353d8a72c99c2981d324,excluded_path,False,
igf1_igf1r_sequence_panel/sequences/brandts_bat_IGF1_S7NGT4_context.fasta,107,0bbdafbd501e55da09035706638c420b429f3ef791653669baeba59a86083676,excluded_path,False,
igf1_igf1r_sequence_panel/sequences/brandts_bat_IGF1_S7NGT4_full.fasta,224,13d923a8b2a7a0391818316c52369c2701f7d1858b132935ecf510e1303e04bf,excluded_path,False,
igf1_igf1r_sequence_panel/sequences/hamster_IGF1_C7FFR4_context.fasta,103,759552dc5e561344e0f5f52fb8b34cc8dcf16e1bc068a5f97e25f97f531cb74a,excluded_path,False,
igf1_igf1r_sequence_panel/sequences/hamster_IGF1_C7FFR4_full.fasta,184,e2608a273ee294db62bd6da5b48b843459c442d7219e111259b4155e4b1cfe0a,excluded_path,False,
igf1_igf1r_sequence_panel/sequences/hamster_IGF1R_A0ABM2W629_context.fasta,971,2860e5a3361d6a036c86d24f32f1ef82147b2a0ed7a58494fc7f9320fea48683,excluded_path,False,
igf1_igf1r_sequence_panel/sequences/hamster_IGF1R_A0ABM2W629_full.fasta,1441,a8046bbe09ee331110646462eace9f54980247d6821e9d358d2c0f5a1848da91,excluded_path,False,
igf1_igf1r_sequence_panel/sequences/human_IGF1_P05019_context.fasta,101,a5e80492bea3ee55bf1b9d830216657c886dc979caf961c20012ef1ff1f2a8ef,excluded_path,False,
igf1_igf1r_sequence_panel/sequences/human_IGF1_P05019_full.fasta,226,da1a9ddb4b7caafe0835ee020378c4024cf22c56103bdc48e3554bf13d0efd15,excluded_path,False,
igf1_igf1r_sequence_panel/sequences/human_IGF1R_P08069_context.fasta,964,c7a3ff8c067ff023c86534d3a6c0bb6efdf321b29c127efb4bb70ba34e09f403,excluded_path,False,
igf1_igf1r_sequence_panel/sequences/human_IGF1R_P08069_full.fasta,1429,c6245d9f1206dc389c2a06f626eafad86b11993f8d9c734f6446dbd819ecfc62,excluded_path,False,
igf1_igf1r_sequence_panel/sequences/mouse_IGF1_P05017_context.fasta,101,dc7ae1ab93ec169a82ce6c0af40788c7d5d63a1a52a8037c31a093ef9c0fa8ba,excluded_path,False,
igf1_igf1r_sequence_panel/sequences/mouse_IGF1_P05017_full.fasta,182,b59792c649e1f6d91ee325bc45da3671fcafd902639b92f46814fb1e79f0eccb,excluded_path,False,
igf1_igf1r_sequence_panel/sequences/mouse_IGF1R_Q60751_context.fasta,965,1805d577c24b6c6fe3f68a99f6e7bd098c09c3234d3a1aa1b6263f28841456fd,excluded_path,False,
igf1_igf1r_sequence_panel/sequences/mouse_IGF1R_Q60751_full.fasta,1435,f9cc07cabed5b80f92b32917960a297e85d06176ed6b4aa780c1cc1cf45b3a3f,excluded_path,False,
igf1_igf1r_sequence_panel/sequences/myotis_lucifugus_IGF1_G1PI02_context.fasta,112,efb13706d781d3fd50a3d6d9b6ed82ee3414a1920448fe91baf01b10bff45bd6,excluded_path,False,
igf1_igf1r_sequence_panel/sequences/myotis_lucifugus_IGF1_G1PI02_full.fasta,229,fe7e8cc908a86e95013432948aa74fe37f727b32c2f3b4cd921fdbcb56c812ba,excluded_path,False,
igf1_igf1r_sequence_panel/sequences/naked_mole_rat_IGF1_A0A0N8EUV1_context.fasta,114,af68a5db078c864f7fc5392dcd0ba7ff2b80035f155c8f8635e14c2c1f163fe2,excluded_path,False,
igf1_igf1r_sequence_panel/sequences/naked_mole_rat_IGF1_A0A0N8EUV1_full.fasta,195,314cac1c51f297333552b037d83c47399fe0af83d17f70d619faa0aee7e8410a,excluded_path,False,
igf1_igf1r_sequence_panel/sequences/naked_mole_rat_IGF1R_A0AAX6PIR9_context.fasta,978,9807c09394a5a2af0e510c8a100ecab2a205bad1aac7d980f842424fc83bb615,excluded_path,False,
igf1_igf1r_sequence_panel/sequences/naked_mole_rat_IGF1R_A0AAX6PIR9_full.fasta,1443,ca5c39ab94bf5b6531a30e090798b6c133cb460e698b3d89261917e2aa24a4a6,excluded_path,False,
igf1_igf1r_sequence_panel/sequences/rat_IGF1_P08025_context.fasta,99,798a04de5fbce76104dac3db9cf6a5c8212c922f1bdf24cf52626b29c48b108f,excluded_path,False,
igf1_igf1r_sequence_panel/sequences/rat_IGF1_P08025_full.fasta,180,4d792633ba11c084652e7326ecc3b1f4928bfac43287c727cfdcbbc65a68fb6a,excluded_path,False,
igf1_igf1r_sequence_panel/sequences/rat_IGF1R_P24062_context.fasta,963,be8b38336636e33b87ac2fb9fab1f6c26e86f8c62cc2bc679aa110227170bf80,excluded_path,False,
igf1_igf1r_sequence_panel/sequences/rat_IGF1R_P24062_full.fasta,1430,c90ce183af46a28d9fc8961b47548795809f8d98703cf4ca613ca57d46f2a4af,excluded_path,False,
igf1_igf1r_sequence_signal/__pycache__/run_igf1_igf1r_sequence_signal.cpython-313.pyc,22247,199aef28350837cec6c0726e635c3bbf496b64054aa09dccc59cb96fe5cc921f,excluded_path,False,
igf1_igf1r_sequence_signal/igf1_igf1r_nmr_short_consensus_shortlist.csv,4125,9f0c35d12ba8c519275db4470ec94d91d2b369d5bf28fc3ad48b9d75a9a7bc58,curated_csv_keyword,False,
igf1_igf1r_sequence_signal/igf1_igf1r_sequence_interface_metrics.csv,9601,e170cb57b2f5089b948c4e598446a16a7a831fc3f934adde695a270874e541d6,curated_csv_keyword,False,
igf1_igf1r_sequence_signal/igf1_igf1r_sequence_signal_summary.json,13629,68ec7cf7ed1926edade4ec4cb404b7ecdf1f172384509c1f53423553273cf9da,summary_level_json,False,
igf1_igf1r_sequence_signal/igf1_igf1r_structure_interface_overlap.csv,937,b78934fc1c8385e54b2f37e4d4807f0357589d3f327222df81e07efafd40cb11,csv_not_in_curated_keyword_set,False,
igf1_igf1r_sequence_signal/run_igf1_igf1r_sequence_signal.py,27414,df1bea71b8e5ce1bea2571f2e53e5610dc98e2077864607e20bf38bdd46aa717,excluded_path,False,
igf1_igf1r_structure_context_audit/__pycache__/run_igf1_igf1r_structure_context_audit.cpython-313.pyc,17411,9af33185b5bcea60fab8a5006bde018c76a6d16484eba386468b7246ac836054,excluded_path,False,
igf1_igf1r_structure_context_audit/igf1_igf1r_chain_mapping_audit.csv,1681,790b27f9cfd03dac3b27fb23b9126e4bdcabcec1af964b9c1bcf417091f5e286,curated_csv_keyword,False,
igf1_igf1r_structure_context_audit/igf1_igf1r_interface_pair_audit.csv,3974,d18cde5c084656a7cd5691a0cb13dff337fd7a7fc6e572f3e35e04b59894ef4d,curated_csv_keyword,False,
igf1_igf1r_structure_context_audit/igf1_igf1r_structure_context_summary.json,2923,ce237bab8d246204e9bf051e9b3191fc59689206728b33ecff5118d5bd6b9199,summary_level_json,False,
igf1_igf1r_structure_context_audit/run_igf1_igf1r_structure_context_audit.py,17969,687e5d110b5eb35d965494967b0a848cf13c2d521707f1e01d5008f63f15ac8b,excluded_path,False,
igf1_igf1r_structure_context_audit/structures/5u8q.pdb,1524052,37fab75f01f7d478cbbf0da05bb117f1e97d0b88ea1ac4306997e5fd62a4a31a,excluded_path,False,
igf1_igf1r_structure_context_audit/structures/7yrr.pdb,2175132,cab019f7016a01a5fb13294eb49499526dbcad4f876263a8446bb5c5d8d02ffd,excluded_path,False,
local_coverage_by_taxid.csv,464,63868ef2dceb789d6efabc4c3dd5fdce7573f7d316a6410ce92c00e6f25afbc4,csv_not_in_curated_keyword_set,False,
regulatory_motif_sprint_synthesis/__pycache__/run_regulatory_motif_sprint_synthesis.cpython-313.pyc,16188,b01817e35b76eb1495eee8879bd50369fff0828ecd1664741fb8191c2daba436,excluded_path,False,
regulatory_motif_sprint_synthesis/regulatory_motif_species_specific_candidates.csv,1676,7cab90e38f5c8e935928d8d20578763171267e02b52b3a6d29dff73890be34ea,copied_as_curated_regulatory_output,True,docs/results/2026-07-25-multi-lane-result-sprint/regulatory_motif_species_specific_candidates.csv
regulatory_motif_sprint_synthesis/regulatory_motif_sprint_scorecard.csv,3445,e74e55022d8cb7f51eb6402bd7b5eb258f322f43fc5b6c96bb2e3ced77800bc9,copied_as_curated_regulatory_output,True,docs/results/2026-07-25-multi-lane-result-sprint/regulatory_motif_sprint_scorecard.csv
regulatory_motif_sprint_synthesis/regulatory_motif_sprint_summary.json,2272,2a61aa416d1ed574642231e04183133c00c0df06d3d3392c707a4819ab7771b7,copied_as_curated_regulatory_output,True,docs/results/2026-07-25-multi-lane-result-sprint/regulatory_motif_sprint_summary.json
regulatory_motif_sprint_synthesis/run_regulatory_motif_sprint_synthesis.py,19566,aad4e87d1e7e46ca80c5603045a3cfef59c7df1f6a19bc91c8e3aca83bf556dc,excluded_path,False,
rheb_embedding_runtime/rheb_embedding_execution_report.json,6186,c53eb4338092c26d871a5482511eeff844f1a63cdc7cbbbd5f231ecc4e1d797d,summary_level_json,False,
rheb_embedding_runtime/rheb_embedding_execution_results.csv,2931,78be5503a5ab59916f9583bc212ee3b92c13cafcab92d8764ad2920e853006e7,csv_not_in_curated_keyword_set,False,
rheb_embedding_runtime/rheb_embedding_inventory.json,11516,657a957ae1cf30579ecf4802d91ae3a140b0e1e4335edd1baa2bd3c7197d3564,summary_level_json,False,
rheb_embedding_runtime/rheb_embedding_manifest.csv,3106,6f4a17a176f2a6ab7ed1015fbad64bd73bee7c8a9eb616c8d91518d7fbb9d80c,csv_not_in_curated_keyword_set,False,
rheb_embedding_runtime/rheb_human_smoke_test.json,205,8d51a7b8d1b7173d022009dea786579b959cbb6e7b0a6b16faca5a1baadcb51d,summary_level_json,False,
rheb_mapped_interface_result/rheb_mapped_interface_enrichment.csv,2602,af497186308b060de18ce41dc5085e2aedf4589d4c6517029e6d94081869bb4c,curated_csv_keyword,False,
rheb_mapped_interface_result/rheb_mapped_interface_summary.json,9300,42b73cff2edede407a940b10cebe1a11d5182217b7cd3ac7a07d6334b808437d,summary_level_json,False,
rheb_mtor_6bcu_reference/6BCU.cif,12662240,47a189c233ad462323b43d727374f99a07474863878d0492eb18c21a096cb479,over_2MiB_limit,False,
rheb_mtor_6bcu_reference/6BCU.cif.gz,2855538,a58c0ba8fd70a8970e14b8f5eb36bb52d3fff1bd143cabe0c8f5eaa00797e928,over_2MiB_limit,False,
rheb_mtor_6bcu_reference/6bcu_rheb_mtor_interface_audit.json,4872,a7d1db0833f8b7f1c2eb0c72891d4ba4c810f67e4c5afb60f9ad5702b4f5d05d,summary_level_json,False,
rheb_mtor_6bcu_reference/6bcu_rheb_mtor_interface_mapping.csv,3284,64a8fb3bb9d6b8a07d19d1a2a004b108f583c69eb2073aa81e1db5f51b4b7515,csv_not_in_curated_keyword_set,False,
rheb_mtor_6bcu_reference/P42345.fasta,2693,183f68147d9fc264c9561688122f200ccd33d44df2b4f9beecd1d8b05382ddf8,unsupported_extension,False,
rheb_mtor_6bcu_reference/Q15382.fasta,277,c51bb447001156fb4c22605353aac1982b093bbeabf2ccd4969021cb681d9cb9,unsupported_extension,False,
rheb_mtor_inventory/rheb_mtor_explicit_selection_audit.json,29183351,6c2bbe136e7310429aef31d3a62bda6ac00abd17ef522bfcabfa9478b507581a,over_2MiB_limit,False,
rheb_mtor_inventory/rheb_mtor_repo_inventory.json,39613,21278b4c4e04041bef82820c8f3c4f6ade0ae40cb891272bbdbf1f042bfe5931,summary_level_json,False,
rheb_sequence_panel/elephant_9785_G3SM68.fasta,290,4fc699c9fe71655145863b7c7b0a82fac5181a79fccadfaa6ef80c8912a6595c,unsupported_extension,False,
rheb_sequence_panel/hamster_10036_A0ABM2WQP8.fasta,301,408e1e84eed3d73769f139424c8f504c5898ba36d716a1760da6bd2a7a34e854,unsupported_extension,False,
rheb_sequence_panel/mouse_10090_Q921J2.fasta,283,661cfb874541871395e3e1c11a4e031a9c1e7f62e9223d94f704c61131ec3511,unsupported_extension,False,
rheb_sequence_panel/myotis_lucifugus_59463_G1P247.fasta,282,ec95c87e7ccf7658865f2460ec718c28e0cb16308a083f087065ff17a48ed005,unsupported_extension,False,
rheb_sequence_panel/naked_mole_rat_10181_A0A0P6K201.fasta,302,5054317cbc54429c6dbf187fdc84d2470cde0edd238e5bf581614ef2ec8dd561,unsupported_extension,False,
rheb_sequence_panel/rat_10116_Q62639.fasta,286,286a9fa0888a4607641845e01f925505d4cc2452f6639a9011ddb663392c6b36,unsupported_extension,False,
rheb_sequence_panel/rheb_sequence_divergence.csv,721,013ec761a97bee9ba9a64a2c2d4cde5ee42938430b56f3291fdd70db919904ea,csv_not_in_curated_keyword_set,False,
rheb_sequence_panel/rheb_sequence_panel_audit.json,1260,3b6751421c441aa8bb9557d45656b3ba005a0c4f71fc8ec347605270e050b163,summary_level_json,False,
rheb_sequence_panel/rheb_uniprot_selection.csv,1408,f26e25e60b3a6ca6bbadf997e6029c674b05e70903b542a14df0843f2da949a6,csv_not_in_curated_keyword_set,False,
sirt6_1nfi_control_robustness/sirt6_1nfi_control_robustness_by_lineage.csv,780,8eb4ad3e0f9ed2461ea2e8c730f808903c9d06cb088a2010375d820ae797a666,curated_csv_keyword,False,
sirt6_1nfi_control_robustness/sirt6_1nfi_control_robustness_summary.csv,604,89f08200affc40320b4568fb8b912cdc589caca14b8398faac1a9c68b4a47421,curated_csv_keyword,False,
sirt6_1nfi_control_robustness/sirt6_1nfi_short_control_sensitivity.csv,13216,642561b7ed7fe08686069b8e646e096c8f65bed0fc790b96e63cc4a3444e2314,curated_csv_keyword,False,
sirt6_1nfi_control_robustness/sirt6_1nfi_species_values.csv,1087,403791968f10c646ca5a4402e1d128b1e222570ef06f0054e7b6b80aa7c7dd9b,csv_not_in_curated_keyword_set,False,
sirt6_8g57_embedding_readiness/rows__data__interim__sirt6_candidate_contrast_gate.csv,788,e231a15a78b3c26c94a2b041f8bfb485f7623e5cd91589748a6cfe8f3b8646be,curated_csv_keyword,False,
sirt6_8g57_embedding_readiness/rows__data__interim__sirt6_candidate_negatome_readiness_matrix.csv,402,3595ac17801d0fc38125c63e6d515d010ec460b27faa59337bb82a24aa0c164b,curated_csv_keyword,False,
sirt6_8g57_embedding_readiness/rows__data__interim__sirt6_candidate_preflight_scorecard.csv,686,a674dd208641d0b80862e1135086571efede32f69010c24eecd4d0e90261a1c5,curated_csv_keyword,False,
sirt6_8g57_embedding_readiness/rows__data__interim__sirt6_candidate_species_coverage_matrix.csv,3761,9bc169718623bf2c5aa01facefd318809af61d1cf11ff508d6baeb393b0dff88,curated_csv_keyword,False,
sirt6_8g57_embedding_readiness/rows__data__interim__sirt6_cofolding_candidate_preflight_scorecard.csv,686,a674dd208641d0b80862e1135086571efede32f69010c24eecd4d0e90261a1c5,curated_csv_keyword,False,
sirt6_8g57_embedding_readiness/rows__data__interim__sirt6_contrast_ready_subset.csv,398,007677e1bc263a16a38123957c945174836b5bf2edf0ba38f06f7f157c3a4abb,csv_not_in_curated_keyword_set,False,
sirt6_8g57_embedding_readiness/rows__data__output__sirt6_dna_repair_explicit_only_selection_audit_v2expansion.csv,351,4056592dea6f106391e17808955a38b535e4ce6c684e68c438e35cd09a4c4deb,curated_csv_keyword,False,
sirt6_8g57_embedding_readiness/rows__data__output__sirt6_dna_repair_explicit_only_strict_selection_audit.csv,351,4056592dea6f106391e17808955a38b535e4ce6c684e68c438e35cd09a4c4deb,curated_csv_keyword,False,
sirt6_8g57_embedding_readiness/rows__data__output__sirt6_mini_pilot_candidate_scorecard.csv,1932,a6f3fdd8a1137cdd894c6b5ac101812fec70cd2162c44f43d995fa5efe29a981,curated_csv_keyword,False,
sirt6_8g57_embedding_readiness/rows__data__output__sirt6_mini_pilot_embedding_signal_summary.csv,884,efd5dfdc7fbf898afaa227ff5507080a157f706a3b5190ddbd3fc06992f89e8f,curated_csv_keyword,False,
sirt6_8g57_embedding_readiness/rows__data__output__sirt6_mini_pilot_enrichment_mapped.csv,537,d44b769fb2ed08711b9cd7f059cc1ed7a54721b6c39d59391830be68d8de94f5,curated_csv_keyword,False,
sirt6_8g57_embedding_readiness/rows__data__output__sirt6_mini_pilot_interaction_outcome_summary.csv,823,c7422e6c370b1ad6e5109f38274a6261013d56918e9593b364ad5a7015dd7d6f,curated_csv_keyword,False,
sirt6_8g57_embedding_readiness/rows__data__output__sirt6_mini_pilot_negative_control_audit.csv,611,0bdcde66bbec08cf7bdc497d2b3be0ba5fe2c98fed11781ba10de286b9a475af,curated_csv_keyword,False,
sirt6_8g57_embedding_readiness/rows__data__output__sirt6_mini_pilot_negatome_control_input_validation.csv,287,b6b695bd3f783c0e71751a224e4dc0999663fd9bc2be2950132739c37b1687a3,curated_csv_keyword,False,
sirt6_8g57_embedding_readiness/rows__data__output__sirt6_mini_pilot_negatome_control_pair_candidates.csv,1011,0d4f2b7f0be2a1bc7bc2f887dd8c006422ebd25294d0f0f047b73d4ba87bc02e,curated_csv_keyword,False,
sirt6_8g57_embedding_readiness/rows__data__output__sirt6_mini_pilot_recurrent_interface_residues.csv,3787,62db5a0fd442b611353806bf631a5f279116dd51f31ebc6eed001d05e2ae748a,csv_not_in_curated_keyword_set,False,
sirt6_8g57_embedding_readiness/rows__data__output__sirt6_mini_pilot_residue_deltas_mapped.csv,41758,9db3c9810b8f41da0ffcb9a0f3b913ee3a389b4537f81f016a0fde04c7a7da1c,csv_not_in_curated_keyword_set,False,
sirt6_8g57_embedding_readiness/rows__data__output__sirt6_mini_pilot_top_constrained_interface_residues.csv,348,12f78185311a6d2392da02ca00aea9a005abd6267903ceda59bff80006c3637d,csv_not_in_curated_keyword_set,False,
sirt6_8g57_embedding_readiness/rows__data__output__sirt6_mini_pilot_v2_candidate_scorecard.csv,1914,24c92945974af20ef8bda062b5cb1dd80d600f083fd6864699ea2daf3d3dd558,curated_csv_keyword,False,
sirt6_8g57_embedding_readiness/rows__data__output__sirt6_mini_pilot_v2_core3_expanded_candidate_scorecard.csv,2848,64a3085e052cedf39491ceb8254bd7beea6bdd9936b6323a90578f8e8c7bd30d,curated_csv_keyword,False,
sirt6_8g57_embedding_readiness/rows__data__output__sirt6_mini_pilot_v2_core3_expanded_divergence_profile_clusters.csv,11605,4c9c6f7218f0b3485435b7ba67ca57c4f05ba020f95874ba6784ce55a045e408,csv_not_in_curated_keyword_set,False,
sirt6_8g57_embedding_readiness/rows__data__output__sirt6_mini_pilot_v2_core3_expanded_divergence_profile_clusters_pca2d.csv,1729,36f4a3cf38c28c6fa86237e657d994d5362d8401086157e7f5077b23c11af530,csv_not_in_curated_keyword_set,False,
sirt6_8g57_embedding_readiness/rows__data__output__sirt6_mini_pilot_v2_core3_expanded_divergence_profile_features.csv,11171,27b733350a4316df1aa21b3fd2827a9f2ec7270109021c0527d76e5523fd33ba,csv_not_in_curated_keyword_set,False,
sirt6_8g57_embedding_readiness/rows__data__output__sirt6_mini_pilot_v2_core3_expanded_embedding_signal_summary.csv,4708,511275149c7cfcb25797005b05108fdfa7504358fddefe92bf9caaf2bc4cd141,curated_csv_keyword,False,
sirt6_8g57_embedding_readiness/rows__data__output__sirt6_mini_pilot_v2_core3_expanded_enrichment_mapped.csv,794,c45f94870a767bf72c57d13e2ad437af91da0e23491ea29899ce70af60257f9a,curated_csv_keyword,False,
sirt6_8g57_embedding_readiness/rows__data__output__sirt6_mini_pilot_v2_core3_expanded_interaction_outcome_summary.csv,1239,06f39ff9a9bbb9e1317e08c4507c206dc3a6356edf6eb674aef4ca12f1b80ca4,curated_csv_keyword,False,
sirt6_8g57_embedding_readiness/rows__data__output__sirt6_mini_pilot_v2_core3_expanded_longevity_contrast.csv,3798,03d1687f0276507716c6bd6f484d4f036022c1bc44de923288cf167c762f5ef6,csv_not_in_curated_keyword_set,False,
sirt6_8g57_embedding_readiness/rows__data__output__sirt6_mini_pilot_v2_core3_expanded_manual_review_residue_shortlist.csv,10783,53d7885c5f6c53b419497a96dfa82b46a2e34bd7e105577e2d58d973194277fd,curated_csv_keyword,False,
sirt6_8g57_embedding_readiness/rows__data__output__sirt6_mini_pilot_v2_core3_expanded_manual_review_structure_qc.csv,2887,45308940ba7763d5421af5c0e3a1774f8fc24c7d55974673461e3cd64c7d7e03,csv_not_in_curated_keyword_set,False,
sirt6_8g57_embedding_readiness/rows__data__output__sirt6_mini_pilot_v2_core3_expanded_manual_review_structure_selection_summary.csv,9937,3b07dc97ff07d4b95bfad0fc737b780059fe3dceb9d08eee2b2611d16835fb36,curated_csv_keyword,False,
sirt6_8g57_embedding_readiness/rows__data__output__sirt6_mini_pilot_v2_core3_expanded_mapped_interface_qc.csv,401,ab504088bd80e01ae5155002d2cfe43a8f24c4a818fc5a6b7c96d0611f124d65,csv_not_in_curated_keyword_set,False,
sirt6_8g57_embedding_readiness/rows__data__output__sirt6_mini_pilot_v2_core3_expanded_negative_control_audit.csv,1194,9496c38a88c6ec9757fb225ced5506821304a239fb9bdf4c1730dc61fc3b1d53,curated_csv_keyword,False,
sirt6_8g57_embedding_readiness/rows__data__output__sirt6_mini_pilot_v2_core3_expanded_negatome_control_input_validation.csv,1033,1ea2ec168526745aca115421b3928680c3a4636210912981bd437765644b4f99,curated_csv_keyword,False,
sirt6_8g57_embedding_readiness/rows__data__output__sirt6_mini_pilot_v2_core3_expanded_readiness_audit.csv,4181,4c8db28374815b39e991fd76e21db2841d659dbdeb84b53859e72807a992bd88,curated_csv_keyword,False,
sirt6_8g57_embedding_readiness/rows__data__output__sirt6_mini_pilot_v2_core3_expanded_residue_deltas_mapped.csv,238551,bd1dc5b58bbb28572e4b63785e946cab8692a5c9a8a3324ca1a0db3064fbe983,csv_not_in_curated_keyword_set,False,
sirt6_8g57_embedding_readiness/rows__data__output__sirt6_mini_pilot_v2_core3_expanded_validation_plan.csv,4157,5a8370f1286f06793eaebbd1d43cb185bff78786211c0c81f7f033c8d5687ed1,csv_not_in_curated_keyword_set,False,
sirt6_8g57_embedding_readiness/rows__data__output__sirt6_mini_pilot_v2_core3_expanded_viewer_structure_selections.csv,2790,317866f5f8028b9534d73b1cbd7ace8d52968d8ea3de85995c613538e91a1d79,csv_not_in_curated_keyword_set,False,
sirt6_8g57_embedding_readiness/rows__data__output__sirt6_mini_pilot_v2_divergence_profile_features.csv,2423,c29f1d78a83595c951015ff0511f16ab1e197cdcdfa5dcd4967c7c8bc20447fa,csv_not_in_curated_keyword_set,False,
sirt6_8g57_embedding_readiness/rows__data__output__sirt6_mini_pilot_v2_embedding_signal_summary.csv,884,efd5dfdc7fbf898afaa227ff5507080a157f706a3b5190ddbd3fc06992f89e8f,curated_csv_keyword,False,
sirt6_8g57_embedding_readiness/rows__data__output__sirt6_mini_pilot_v2_enrichment_mapped.csv,537,d44b769fb2ed08711b9cd7f059cc1ed7a54721b6c39d59391830be68d8de94f5,curated_csv_keyword,False,
sirt6_8g57_embedding_readiness/rows__data__output__sirt6_mini_pilot_v2_expanded_embedding_readiness_audit.csv,1777,cdefdb92ae00dc141d4c554bec6e806bb947362d3d8b46577a4b3b2831acd458,curated_csv_keyword,False,
sirt6_8g57_embedding_readiness/rows__data__output__sirt6_mini_pilot_v2_expanded_missing_orthologs_refreshed.csv,147,4795fb23ce850975da067f7ba6729ac71ac6b96f00d5f6590c036149f190ad45,csv_not_in_curated_keyword_set,False,
sirt6_8g57_embedding_readiness/rows__data__output__sirt6_mini_pilot_v2_expanded_missing_orthologs_refreshed_all.csv,147,a2d2c15ec226842609ab64759e63c4fea732fbdd93e1f958f607f497323891fa,csv_not_in_curated_keyword_set,False,
sirt6_8g57_embedding_readiness/rows__data__output__sirt6_mini_pilot_v2_expanded_selection.csv,902,cf765e8a3ea566b75d6863cbc64096e2d2dcca6dfdbc99297465dd501080964e,csv_not_in_curated_keyword_set,False,
sirt6_8g57_embedding_readiness/rows__data__output__sirt6_mini_pilot_v2_interaction_outcome_summary.csv,805,b8e2f5dc84d40af4843321c01c25f2646ac6c34f26a84ce2ff59425b5488fbe9,curated_csv_keyword,False,
sirt6_8g57_embedding_readiness/rows__data__output__sirt6_mini_pilot_v2_longevity_contrast.csv,1094,4a198e3d5987aa782a773806acf9e1e4c5a04f054bc6bb3ed1d1a2c09bb39e48,csv_not_in_curated_keyword_set,False,
sirt6_8g57_embedding_readiness/rows__data__output__sirt6_mini_pilot_v2_negative_control_audit.csv,611,0bdcde66bbec08cf7bdc497d2b3be0ba5fe2c98fed11781ba10de286b9a475af,curated_csv_keyword,False,
sirt6_8g57_embedding_readiness/rows__data__output__sirt6_mini_pilot_v2_residue_candidates__sirt6_mini_pilot_recurrent_interface_residues.csv,3787,62db5a0fd442b611353806bf631a5f279116dd51f31ebc6eed001d05e2ae748a,curated_csv_keyword,False,
sirt6_8g57_embedding_readiness/rows__data__output__sirt6_mini_pilot_v2_residue_deltas_mapped.csv,41758,9db3c9810b8f41da0ffcb9a0f3b913ee3a389b4537f81f016a0fde04c7a7da1c,csv_not_in_curated_keyword_set,False,
sirt6_8g57_embedding_readiness/rows__data__output__sirt6_mini_pilot_v2_top_enrichment_rows.csv,508,ff731168818e2709cb41099b8a15c4b85080631f0051bcc02adc8cba423e918c,curated_csv_keyword,False,
sirt6_8g57_embedding_readiness/rows__data__output__sirt6_mini_pilot_v2_validation_plan.csv,4674,c5ff15820abe34e50729946af831193335ea3ca7d0fbf451b4dd9debedb045fc,csv_not_in_curated_keyword_set,False,
sirt6_8g57_embedding_readiness/rows__data__output__sirt6_mini_pilot_validation_plan.csv,4800,91a92d814b82d701db4b57e53eecfa13edd98495c36db48adeabd499cdf737c6,csv_not_in_curated_keyword_set,False,
sirt6_8g57_embedding_readiness/rows__data__output__structure_selections__sirt6_mini_pilot_candidate_selection_summary.csv,408,90ac0dff6bf81bc10c9927082e4a69ef65678ac0993101f7facc7e09b6b1ca34,curated_csv_keyword,False,
sirt6_8g57_embedding_readiness/sirt6_8g57_embedding_readiness_summary.csv,350,013923fe7f3ba777e41aeecd551c3cc4cc192d8e5609a6f33bdb79f10989ce7b,curated_csv_keyword,False,
sirt6_8g57_embedding_readiness/sirt6_8g57_local_assets.csv,4267,15ea1e432ef15ab024868f7a8e3df54ce8a0f213dc48c0fe40a6ef09978172e1,csv_not_in_curated_keyword_set,False,
sirt6_8g57_embedding_readiness/sirt6_8g57_matching_tables.csv,27050,79e98b1dc665576b4e88ea3429c2e1be0c04e711065fad3f9d1df35c232b6cae,csv_not_in_curated_keyword_set,False,
sirt6_8g57_exact_provenance/sirt6_8g57_exact_provenance_summary.csv,339,0932178fe264d4f51c855188c478c43bd06aae4c0c5a12759d0e8dcb2f6e9056,curated_csv_keyword,False,
sirt6_8g57_exact_provenance/sirt6_8g57_exact_species_rows.csv,274408,17e1f948dd1b1aecd2f15f3264372c63b581b75f61f583e1d307e7da12c0199a,csv_not_in_curated_keyword_set,False,
sirt6_8g57_sequence_package/8g57_ligand_10036_A0ABM2YD99.fasta,234,2d79689f12379fe1d68034ac620ef84710d7dfe6753af5518ffd03a828e276e1,unsupported_extension,False,
sirt6_8g57_sequence_package/8g57_ligand_10116_D3ZVK7.fasta,177,4d58e4baedb7bddebdffa9c847e5da1ac8c5a57dba1fe9108439b499531cf97d,unsupported_extension,False,
sirt6_8g57_sequence_package/8g57_receptor_10036_A0A1U7QXR8.fasta,391,5f7180a737f1068aa5384b39c619b6bb0e0065fa48d8e9f3cb9feedf3a1069c4,unsupported_extension,False,
sirt6_8g57_sequence_package/8g57_receptor_10116_A0A8I6APP5.fasta,375,b9e47122563c6f27932a0887ec72d21ff07aa01f1e859d06ef1ed7fd322b9c27,unsupported_extension,False,
sirt6_8g57_sequence_package/A0ABM2YD99.uniprot.json,9207,a8f9e542efdb3756d96c711395fa1579be28c20c415d18481e84f11395cde3ba,summary_level_json,False,
sirt6_8g57_sequence_package/embedding_dry_runs/10036_hamster_ligand_A0ABM2YD99.dry_run.txt,543,ad43784dc41a0bf02ab6093928ce4bc0e7e5b43cadfa69b2e3687781bb35716a,unsupported_extension,False,
sirt6_8g57_sequence_package/embedding_dry_runs/10036_hamster_receptor_A0A1U7QXR8.dry_run.txt,547,ee48e79478afbe5f0b2c31b985a95b40e50220d3c134031260ce441941516e86,unsupported_extension,False,
sirt6_8g57_sequence_package/embedding_dry_runs/10116_rat_ligand_D3ZVK7.dry_run.txt,535,2486a5b4cb6c5e95ee4bc80e0a7adb822028e083aecae592ce7025d887650c11,unsupported_extension,False,
sirt6_8g57_sequence_package/embedding_dry_runs/10116_rat_receptor_A0A8I6APP5.dry_run.txt,543,8d18bb7f4f456afc5ab40d51137e53a2e4172eee5dce6e45fa2e87a03458665e,unsupported_extension,False,
sirt6_8g57_sequence_package/embedding_dry_runs/sirt6_8g57_embedding_dry_run_summary.csv,1665,c45727706c0285584d1bff705b33a9a764a3bc71f967597b95604de5c60bc5cb,curated_csv_keyword,False,
sirt6_8g57_sequence_package/embedding_live_runs/10036_hamster_ligand_A0ABM2YD99.live.txt,529,7da04bd6bcfbf6f8c237f22c1c2f811a9c5aa42c58ff23fa0e1ce144495db834,unsupported_extension,False,
sirt6_8g57_sequence_package/embedding_live_runs/10036_hamster_ligand_A0ABM2YD99.post_dry_run.txt,542,b7c69c580f9b29970f56a3282ef27147c49bf2f84bfe7db8053569ac64c21824,unsupported_extension,False,
sirt6_8g57_sequence_package/embedding_live_runs/10036_hamster_receptor_A0A1U7QXR8.live.txt,533,de837b7fe85730f95f0f4fe02a09fe576639a0111be1b52dddba552583245a04,unsupported_extension,False,
sirt6_8g57_sequence_package/embedding_live_runs/10036_hamster_receptor_A0A1U7QXR8.post_dry_run.txt,546,557aff8093ad2ebd86aa3000b448a159b99d2e4129f043ff94f394496c3ba639,unsupported_extension,False,
sirt6_8g57_sequence_package/embedding_live_runs/10116_rat_ligand_D3ZVK7.live.txt,521,e137b3a9eb8fdaaecd83c679a9fd6f8621e498fb3c5064e7e48e9cbdf5a60900,unsupported_extension,False,
sirt6_8g57_sequence_package/embedding_live_runs/10116_rat_ligand_D3ZVK7.post_dry_run.txt,534,ff40e5d5a07a07ae8b0b7fdc1e142e72289d1cb47c022431ae6034fc9f0a6993,unsupported_extension,False,
sirt6_8g57_sequence_package/embedding_live_runs/10116_rat_receptor_A0A8I6APP5.live.txt,529,b6cc7b617966286c1bb83da7e0d05a0e6d38926ecf5ee95fa6e9d376c8aa6a3e,unsupported_extension,False,
sirt6_8g57_sequence_package/embedding_live_runs/10116_rat_receptor_A0A8I6APP5.post_dry_run.txt,542,9e9345b95384de40ccbedbb5186319d14d33206872b028a1134bb34c252509de,unsupported_extension,False,
sirt6_8g57_sequence_package/embedding_live_runs/sirt6_8g57_embedding_live_summary.csv,3036,97e66f2fad7da36fef4f9d006e5ddf8d2e4addfbc0dc871053edda69adbbdc5b,curated_csv_keyword,False,
sirt6_8g57_sequence_package/enrichment_analysis/mapped_metric_compatible/embeddings/esmc-300m-2024-12/8g57__A1_Q8N6T7--8g57__H1_P04908_ligand_10036.npy,491648,cf9f7df5b1eaff06aebb7638ac5545c39dda8fc380c57b5692716f780742e385,excluded_path,False,
sirt6_8g57_sequence_package/enrichment_analysis/mapped_metric_compatible/embeddings/esmc-300m-2024-12/8g57__A1_Q8N6T7--8g57__H1_P04908_ligand_10090.npy,499328,c8de7d4a332eab1f11812bcf48d63f0eb21c65307047fd1967ef55ec3bb1517d,excluded_path,False,
sirt6_8g57_sequence_package/enrichment_analysis/mapped_metric_compatible/embeddings/esmc-300m-2024-12/8g57__A1_Q8N6T7--8g57__H1_P04908_ligand_10116.npy,499328,eedf0458fd8eea0257cdcf8aa844d388a052a627424501c0f345c9f68bbc17e6,excluded_path,False,
sirt6_8g57_sequence_package/enrichment_analysis/mapped_metric_compatible/embeddings/esmc-300m-2024-12/8g57__A1_Q8N6T7--8g57__H1_P04908_ligand_10181.npy,499328,373674af82fa61efbf220d03e0f19e564b08cbf27813af976387dceeb3e9dd2f,excluded_path,False,
sirt6_8g57_sequence_package/enrichment_analysis/mapped_metric_compatible/embeddings/esmc-300m-2024-12/8g57__A1_Q8N6T7--8g57__H1_P04908_ligand_59463.npy,545408,f13522a1a548be2760441a0b8aaa4820625078c1782c09d8526346f332b4b456,excluded_path,False,
sirt6_8g57_sequence_package/enrichment_analysis/mapped_metric_compatible/embeddings/esmc-300m-2024-12/8g57__A1_Q8N6T7--8g57__H1_P04908_ligand_9606.npy,453248,13e11796f10db0998cb31ed92232891bd886cf253e9b0629a4332231cc289075,excluded_path,False,
sirt6_8g57_sequence_package/enrichment_analysis/mapped_metric_compatible/sirt6_8g57_ligand_five_species_comparison.csv,1387,45deaa4244bc85ad11a0e7492e07f410d42ad045ae535d42228460a2d2997a52,csv_not_in_curated_keyword_set,False,
sirt6_8g57_sequence_package/enrichment_analysis/mapped_metric_compatible/sirt6_8g57_ligand_mapped_enrichment.parquet,6410,097a141f922e6282e8adb7084d8c4d5bd95d972f028e5187545b4bf6f9fc2562,unsupported_extension,False,
sirt6_8g57_sequence_package/enrichment_analysis/mapped_metric_compatible/sirt6_8g57_ligand_runtime_coverage.csv,967,1d0dee74d97f404396ea7b29bab4a9d8c8aee2505b818043180437efb72b58e6,csv_not_in_curated_keyword_set,False,
sirt6_8g57_sequence_package/enrichment_analysis/mapped_metric_compatible/sirt6_8g57_ligand_verdict.json,1083,0832b15866edce4b9c2e5791d44e0efd1034bb76ef1377e292b5380e13ff01cf,summary_level_json,False,
sirt6_8g57_sequence_package/enrichment_analysis/mapped_metric_compatible/sirt6_8g57_mapped_analysis.txt,1488,349b747dcb541df41814dc37c6004dba7e8b8847776ab84530721b697842f33f,unsupported_extension,False,
sirt6_8g57_sequence_package/enrichment_analysis/mapped_metric_compatible/sirt6_8g57_runtime_embedding_bindings.csv,3559,50b8ae2e84efee797a928a5874dd95e9a2b2ce12baf23f938e60f3e57e4a3846,csv_not_in_curated_keyword_set,False,
sirt6_8g57_sequence_package/enrichment_analysis/mapped_metric_compatible/sirt6_8g57_sequence_divergence_baseline.csv,1669,e1d2988a02117db2ef4b0e545f77accfedbc2a9a7d0848b447abc7e6a7c67f76,csv_not_in_curated_keyword_set,False,
sirt6_8g57_sequence_package/enrichment_analysis/mapped_metric_compatible/sirt6_8g57_sequence_divergence_baseline_verdict.json,1309,a439d651ae24b80bcc5fc0676e4d85af466edfed5ef8bf6803c5897f865784ac,summary_level_json,False,
sirt6_8g57_sequence_package/enrichment_analysis/sirt6_8g57_analysis_plan.csv,2038,d8b0f36215314791c9278d322b9ef5df5503b6e4a7a96451a3cb2fbb75cc9cf5,csv_not_in_curated_keyword_set,False,
sirt6_8g57_sequence_package/enrichment_analysis/sirt6_8g57_analysis_plan.txt,1083,3505481539b3ecf0d611ae02df6059f495695abecc242fdcf476598d99aac5d2,unsupported_extension,False,
sirt6_8g57_sequence_package/enrichment_analysis/sirt6_8g57_enrichment_dry_run.csv,1157,57a6c6cf2afce188bed3466f689422e222d0d8feff8f79bcf92ab87ccf60e09e,curated_csv_keyword,False,
sirt6_8g57_sequence_package/enrichment_analysis/sirt6_8g57_enrichment_dry_run.txt,1073,9666e9ae64743ff656d45e2e17005cf7ea8bccac3aeb4005b25fdd21a8292f44,unsupported_extension,False,
sirt6_8g57_sequence_package/enrichment_analysis/sirt6_8g57_enrichment_run.txt,1077,ce96b0b29df4bf810f54da03639e88db4a0afe3c12ab4506e2b518c35d4ed8f2,unsupported_extension,False,
sirt6_8g57_sequence_package/enrichment_analysis/sirt6_8g57_new_control_enrichment.csv,1678,82cbf7e31862088e7d9224155237730219c944a442489061a6dea13009198c93,curated_csv_keyword,False,
sirt6_8g57_sequence_package/enrichment_analysis/sirt6_8g57_reference_embedding_bindings.csv,1097,f0dfb5af9f0664be997b5568f1a3a88c20fc4fbcac64b5c0e603361089d314f5,csv_not_in_curated_keyword_set,False,
sirt6_8g57_sequence_package/enrichment_analysis/sirt6_8g57_runtime_selection.csv,528,72336f925c74b2679638d7ae8188f4cbd919cc80f7fa2c67d32b0d8fa1a02428,csv_not_in_curated_keyword_set,False,
sirt6_8g57_sequence_package/enrichment_analysis/sirt6_8g57_selection_inventory.csv,446025,c899cc195562aa54d59acd4b644816b9aaad7e8701a58bfcf80472f7c01dfd58,csv_not_in_curated_keyword_set,False,
sirt6_8g57_sequence_package/sirt6_8g57_curated_embedding_candidates.csv,2323,8378ccc49028b88e70cae5bb8e5fce51729cc73689c1a983c1428e2636ed2f40,curated_csv_keyword,False,
sirt6_8g57_sequence_package/sirt6_8g57_hamster_ligand_sequence_evidence.json,1169,473f784f5f0f093759403c51420b5ce7c489bf2604e362914e3abd605dca06d3,summary_level_json,False,
sirt6_8g57_sequence_package/sirt6_8g57_sequence_acquisition_manifest.csv,1686,ee98284c96b15babc82892d847780ecdddef5447e59b208c82c46d660698f0b5,csv_not_in_curated_keyword_set,False,
sirt6_8g57_target_id_inventory/known_target_id_file_hits.csv,98,8db096855048e628bbecbcf34869a36a419d5bb4cf2e8a7208a01d6a4a5aa2bc,csv_not_in_curated_keyword_set,False,
sirt6_8g57_target_id_inventory/known_target_id_summary.csv,632,d2720acc7a7cdc1e4a97deec726d02d2b6beb44719535289a8cd1aee72d109c4,curated_csv_keyword,False,
sirt6_8g57_target_id_inventory/known_target_id_table_hits.csv,9834,dedbe2458dc95168f6090d096dabd1f8c90a5727921e1a407d058599612b17cc,csv_not_in_curated_keyword_set,False,
sirt6_8g57_target_id_inventory/p04908_hamster_candidate_rows.csv,745,f37d86dec4bbe1a55920494117e3e58544c359171d2ce91049dad8b6d3f2a5dc,curated_csv_keyword,False,
sirt6_8g57_target_id_inventory/p04908_hamster_summary.csv,263,77c1ec4bfa76908367fb9da17040218d7b87a879301215d2b0076cad786add8e,curated_csv_keyword,False,
sirt6_contrast_source_provenance_audit.csv,824,d18ddab9f2c87f31463e4af01eb126564ba2cc410cd911fde8502d07338a11b2,curated_csv_keyword,False,
sirt6_core3_filtered_generated_contrast.csv,1627,15a5661a60559497a79a82185d7bed6205221f0bd53d8894c75ef8454178e6d1,csv_not_in_curated_keyword_set,False,
sirt6_embedding_signal_summary_generated_contrast.csv,23536,aba8aefcb52299642b93234c159bf17b767f495828d8eb891bbdcb1e99a527a0,curated_csv_keyword,False,
sirt6_exact_scope/sirt6_exact_manifest_scope.csv,353,a96e09e2e5d02d17554938a7c6a0d5ca570bef6fa63fd4a3a8cca97590b9e62e,csv_not_in_curated_keyword_set,False,
sirt6_exact_scope/sirt6_exact_scope_decisions.csv,174,c9f8141d5efb5ef8b3c6a2ce5deec62b5067d974e387faba858107351525f58b,csv_not_in_curated_keyword_set,False,
sirt6_exact_scope/sirt6_exact_source_scope.csv,1635,632949fa3d0f3db54b6928cd82c493fe6ef304d097c2caa0ba92fa837c9e7e0c,csv_not_in_curated_keyword_set,False,
sirt6_mapped_enrichment_refreshed_generated_contrast.csv,23331,d5a04171583415087ba00c00e4e562b830eb309ad8d0f12ec4c6fa6cade01579,curated_csv_keyword,False,
sirt6_parp1_regulatory_site_signal/__pycache__/run_sirt6_parp1_regulatory_site_signal.cpython-313.pyc,31494,5ff9dcbbf57d70af9af70aa6250bdb176810637dbb1dd9e981ba4797b41dc7c7,excluded_path,False,
sirt6_parp1_regulatory_site_signal/ensembl_missing_sequence_rescue/__pycache__/run_sirt6_parp1_ensembl_rescue.cpython-313.pyc,35792,5e57cd46f13bf01e6961c550abc2d130086d69912bf08b9f031e5c77141810f8,excluded_path,False,
sirt6_parp1_regulatory_site_signal/ensembl_missing_sequence_rescue/run_sirt6_parp1_ensembl_rescue.py,40047,ba982ee6d3c19ffc91849f288524b3762fa61c23f95672e6048f33032d85ef6f,excluded_path,False,
sirt6_parp1_regulatory_site_signal/ensembl_missing_sequence_rescue/sirt6_parp1_completed_long_lived_site_candidates.csv,0,e3b0c44298fc1c149afbf4c8996fb92427ae41e4649b934ca495991b7852b855,curated_csv_keyword,False,
sirt6_parp1_regulatory_site_signal/ensembl_missing_sequence_rescue/sirt6_parp1_completed_regulatory_site_states.csv,39104,1683a29199d22f9bd5957b83b574efaa150ea4304e70c573797e19934c14ca4d,csv_not_in_curated_keyword_set,False,
sirt6_parp1_regulatory_site_signal/ensembl_missing_sequence_rescue/sirt6_parp1_ensembl_rescue_candidates.csv,564,ced5a5f4f06540a898ddf50a0332aa5ad9e289841e426c715f71854fe86dc4c7,curated_csv_keyword,False,
sirt6_parp1_regulatory_site_signal/ensembl_missing_sequence_rescue/sirt6_parp1_ensembl_rescue_summary.json,1948,cea1305122dc0fc24c22b39a3963d0d048229d11702f4617d7fc3fcbfaa176d6,summary_level_json,False,
sirt6_parp1_regulatory_site_signal/run_sirt6_parp1_regulatory_site_signal.py,42023,7616a84e5061402b3499bb17beff3585f1459f3e161de38e3028909c24321724,excluded_path,False,
sirt6_parp1_regulatory_site_signal/sequences/elephant_PARP1_G3T0Q8.fasta,1024,af69bca8a7268086f6cacbcc33a84247d8f91238935ba7da0a2cf7cd6b6973ae,excluded_path,False,
sirt6_parp1_regulatory_site_signal/sequences/elephant_SIRT6_G3U699.fasta,370,161419b862a7a30bd601513c2eab77027a6e22424604d6f26ae7dc0e975cab4f,excluded_path,False,
sirt6_parp1_regulatory_site_signal/sequences/hamster_PARP1_A0A1U7QSB6.fasta,1066,d7f1a7d9305f4ba98c910159be7cb0a153d68af6fbd77d0fa379be01163c97f5,excluded_path,False,
sirt6_parp1_regulatory_site_signal/sequences/hamster_SIRT6_A0A1U7QXR8.fasta,371,23a292cc12e1b948b89f79024e3b843fb6a4ef4f3b8865f58e895c2c5c9107ed,excluded_path,False,
sirt6_parp1_regulatory_site_signal/sequences/human_PARP1_P09874.fasta,1061,a8bc1c9d0d84ebddb7a453f277143d51e849dec74fadb9cd226809a2224d01be,excluded_path,False,
sirt6_parp1_regulatory_site_signal/sequences/human_SIRT6_Q8N6T7.fasta,386,198a63dd054af5dbc117a1f18d21144fe74b0f8d8f1334166883412dc22b8e2f,excluded_path,False,
sirt6_parp1_regulatory_site_signal/sequences/mouse_PARP1_P11103.fasta,1060,a1cabb6a5b71796fba9169de7ffadad25fdc55ec5d1743964a44732fcbe89f91,excluded_path,False,
sirt6_parp1_regulatory_site_signal/sequences/mouse_SIRT6_P59941.fasta,365,0a09ff44c17c73352e474ed8a847460132335b584eacfe67b4c5e63b90538cea,excluded_path,False,
sirt6_parp1_regulatory_site_signal/sequences/myotis_lucifugus_PARP1_G1PK82.fasta,959,fa93a6de66e0ca805ae5b64c5cc7f8b10ec63a9444d424cb1d56cb5d063e067c,excluded_path,False,
sirt6_parp1_regulatory_site_signal/sequences/naked_mole_rat_SIRT6_G5BZB2.fasta,390,dd5edc47a57ccff4a8552edb8b3635c2aecfd2cedaeacb63025043a14a35e4ea,excluded_path,False,
sirt6_parp1_regulatory_site_signal/sequences/rat_PARP1_P27008.fasta,1059,884cd41828b1b93432e17b8dcdd9a2adae5a6c15205a76e9f53890f3ddebb5d5,excluded_path,False,
sirt6_parp1_regulatory_site_signal/sequences/rat_SIRT6_A6K863.fasta,359,74a7c0bf0a89ddf4ffcde4884f100cc269ce30cb029fdcde7c9142c2f98a2d54,excluded_path,False,
sirt6_parp1_regulatory_site_signal/sirt6_parp1_long_lived_site_candidates.csv,0,e3b0c44298fc1c149afbf4c8996fb92427ae41e4649b934ca495991b7852b855,curated_csv_keyword,False,
sirt6_parp1_regulatory_site_signal/sirt6_parp1_regulatory_site_panel.csv,2727,2d3973964af9a2bef3ae820cd6d26f032378c6c0ebea5807439128059db7f6a1,csv_not_in_curated_keyword_set,False,
sirt6_parp1_regulatory_site_signal/sirt6_parp1_regulatory_site_signal_summary.json,3307,dd4a116dfc17320eda4befb7424970d6082d3e6bf27590d04f4b53d6abb29051,summary_level_json,False,
sirt6_parp1_regulatory_site_signal/sirt6_parp1_regulatory_site_states.csv,39104,1683a29199d22f9bd5957b83b574efaa150ea4304e70c573797e19934c14ca4d,csv_not_in_curated_keyword_set,False,
sirt6_parp1_regulatory_site_signal/sirt6_parp1_uniprot_candidates.csv,13047,69038270a5db13da126d301c983fb19b72224b2226e9a9fe870d9e72dca00d2b,curated_csv_keyword,False,
sirt6_refresh_identity_resolution/sirt6_candidate_identity_resolved_summary.csv,749,d4c856ccc9251e1c3791291990f7ab2b322d7f774dbcdb5a7d5e44ba5879c548,curated_csv_keyword,False,
sirt6_refresh_identity_resolution/sirt6_refresh_identity_status_counts.csv,92,8aeb7977827750927e82d6759ce8de1ce66a7d9c84467176e714b20d5a0ee27e,csv_not_in_curated_keyword_set,False,
sirt6_refresh_identity_resolution/sirt6_shortlist_refresh_identity_audit.csv,4041,124f5fc3a08de9229d214f653aefe0572ab2bbb8ebf736ada84301e9e2a2c029,curated_csv_keyword,False,
sirt6_refresh_stability/contrast_keys_missing_from_historical.csv,948,9f05cf6bdf1902c7fb104c8f9beb58f268e43f47d344d717ce202406fb3a45c1,csv_not_in_curated_keyword_set,False,
sirt6_refresh_stability/contrast_keys_missing_from_refreshed.csv,948,b0002ce02063607efb2555f3bdfb060b3602f44f3c971c2bbf4699f0cb4e6d81,csv_not_in_curated_keyword_set,False,
sirt6_refresh_stability/sirt6_candidate_refresh_stability_summary.csv,845,fc9f3a588901a4bc3236288237b2c45d94be572079e297b0be6b2f8b37bd37f2,curated_csv_keyword,False,
sirt6_refresh_stability/sirt6_historical_vs_refreshed_contrast_comparison.csv,14000,370757578a416b2f5d95439194d14d42f39446b231430ef605be391192b6398d,csv_not_in_curated_keyword_set,False,
sirt6_refresh_stability/sirt6_refresh_row_status_counts.csv,79,c1f58261c09bffac4c658ad11e8bef5ed99078dcbf3229194f255d90ae2ecbd4,csv_not_in_curated_keyword_set,False,
sirt6_refresh_stability/sirt6_shortlist_refresh_row_comparison.csv,3829,b2645de311a0ba05303cd60e67a197fbb244df635a5abbf92a02fc1b63831523,curated_csv_keyword,False,
sirt6_replication/sirt6_cross_lineage_replication_matrix.csv,8712,15dc692c40fb5b0fe97e8eb57afb5769c1dfb35d2822c8942171d5240196db54,csv_not_in_curated_keyword_set,False,
sirt6_replication/sirt6_historical_vs_refreshed_source_drift.csv,17166,3cd9b9d547b1070a04d7b6db21b5ae435a72d96a4d8be5b8fd6f1e10fd4dcd24,csv_not_in_curated_keyword_set,False,
sirt6_replication/sirt6_replicated_candidate_shortlist.csv,2507,1cb4c4dbf058ad20715e80acf576a3d7831c070800464fcd66442cd3af169eda,curated_csv_keyword,False,
sirt6_replication/sirt6_replication_status_counts.csv,240,41b887700fce67b629c8d8aeef11750004d6e8c4b908a0dc5143330130ae13fc,csv_not_in_curated_keyword_set,False,
sirt6_replication/sirt6_reproduced_historical_contrast.csv,23536,aba8aefcb52299642b93234c159bf17b767f495828d8eb891bbdcb1e99a527a0,csv_not_in_curated_keyword_set,False,
sirt6_replication/sirt6_source_drift_column_summary.csv,261,3027226c1ea865d599b844765f747dda88dfe621a37a28e9b79ed6e8185caf5e,curated_csv_keyword,False,
sirt6_stage_of_loss/sirt6_candidate_filename_asset_hits.csv,45502,c66a157b12ea488fd46a82e728eba7a51adc69395d7d71e7b2627b12772dd52c,curated_csv_keyword,False,
sirt6_stage_of_loss/sirt6_candidate_stage_hits.csv,195865,4d6a1e50139b9132d68b9e0f0e5a08dcd00fc9c9376795fcc4fe8be8398326a1,curated_csv_keyword,False,
sirt6_stage_of_loss/sirt6_candidate_stage_presence_matrix.csv,29741,d795fb15638b773c28ee44dabea81d1d4755ed5656fe0ace2b2fe7c397be4d58,curated_csv_keyword,False,
sirt6_stage_of_loss/sirt6_output_generator_references.csv,640,848fd18583895c0c32ad19486e71f3e06b6f77e63bcb22bff7cd8eac57eea0d9,csv_not_in_curated_keyword_set,False,
tsc1_tsc2_sequence_interface_signal/__pycache__/run_tsc1_tsc2_sequence_interface_signal.cpython-313.pyc,37329,c5011cefe49479f9170e716ba51c17aa173518c0a9ec71fed11feb771b3a685f,excluded_path,False,
tsc1_tsc2_sequence_interface_signal/elephant_ensembl_rescue/__pycache__/run_elephant_tsc1_ensembl_rescue.cpython-313.pyc,20498,b8be913488ce228f5ceb97f93f3ac3762b1ec973a4b5ea4b4df0cfa1120fe326,excluded_path,False,
tsc1_tsc2_sequence_interface_signal/elephant_ensembl_rescue/elephant_tsc1_ensembl_candidates.csv,432,c4aae71a84fd2462bb3671f2988c5e84c64a4bb5a289993f3277aeec6f966a54,curated_csv_keyword,False,
tsc1_tsc2_sequence_interface_signal/elephant_ensembl_rescue/elephant_tsc1_ensembl_rescue_summary.json,916,91a8bd72dafc822459f64562712abc6b045554a394c899525cd7857eaea0f12d,summary_level_json,False,
tsc1_tsc2_sequence_interface_signal/elephant_ensembl_rescue/run_elephant_tsc1_ensembl_rescue.py,17901,e5e43a9c8ed3f91f905aa5dadc81f237f8ffcc7e179e6891d54f275556c235ef,excluded_path,False,
tsc1_tsc2_sequence_interface_signal/run_tsc1_tsc2_sequence_interface_signal.py,45576,a3da0ad995e7120c1a8a0856c622f207ba206fdfa30b94e52af2c787a1e555fd,excluded_path,False,
tsc1_tsc2_sequence_interface_signal/sequences/hamster_TSC1_A0A1U7QT42_full.fasta,1221,6dad18f772d41d8423668460866134e8c3e7cc65c1dc9db5a6cf9b71c9ac17b8,excluded_path,False,
tsc1_tsc2_sequence_interface_signal/sequences/human_TSC1_Q92574_full.fasta,1219,f97f87667cdcdc1f05d8a0e1fada9cef88732a8356cfdf23b740e2ad97220398,excluded_path,False,
tsc1_tsc2_sequence_interface_signal/sequences/mouse_TSC1_Q9EP53_full.fasta,1216,f84bcc6ddbac2ad32ae6868aa8e5fc31c018d7c931273b9965c836ac8853295b,excluded_path,False,
tsc1_tsc2_sequence_interface_signal/sequences/myotis_lucifugus_TSC1_G1P7I1_full.fasta,1233,8d651672343decf4fc4ab24532aa14c407f8e17926c6d1d4807932793c617a25,excluded_path,False,
tsc1_tsc2_sequence_interface_signal/sequences/naked_mole_rat_TSC1_A0AAX6PCW4_full.fasta,1233,85de94593ae895f70e974249766e14f820e498bc506433da46a96890f0bb34e5,excluded_path,False,
tsc1_tsc2_sequence_interface_signal/sequences/rat_TSC1_Q9Z136_full.fasta,1216,91305ef8b8f1c49404669068d41895cd44efd7a11fa245d57bbf58eeed880c50,excluded_path,False,
tsc1_tsc2_sequence_interface_signal/tsc1_m771v_candidate_audit/__pycache__/run_tsc1_m771v_candidate_audit.cpython-313.pyc,17523,99a59ba50eec294d2c84a3bc5611cd93bb804c03547804961438eb71bed20aa6,excluded_path,False,
tsc1_tsc2_sequence_interface_signal/tsc1_m771v_candidate_audit/run_tsc1_m771v_candidate_audit.py,18661,ba45f7a6f26997a42456dbd84375ae99d0d2f0d81c8eabecc6ed91aff16c2bbb,excluded_path,False,
tsc1_tsc2_sequence_interface_signal/tsc1_m771v_candidate_audit/tsc1_m771_alignment_robustness.csv,630,74848dbcfbbb09a44e0f7267fddf7599083a3a0e6d74ffcddb0351b3f8519538,csv_not_in_curated_keyword_set,False,
tsc1_tsc2_sequence_interface_signal/tsc1_m771v_candidate_audit/tsc1_m771_interface_geometry_support.csv,504,59641bd5399076ba9995c51730186a1b0111a0c123a3ee97edec3bec6f3255e3,csv_not_in_curated_keyword_set,False,
tsc1_tsc2_sequence_interface_signal/tsc1_m771v_candidate_audit/tsc1_m771_local_window_states.csv,3946,38b409ab8a63f98a6f1916296fbc3db334b38e8a6f05d71c5dd40c8450955095,csv_not_in_curated_keyword_set,False,
tsc1_tsc2_sequence_interface_signal/tsc1_m771v_candidate_audit/tsc1_m771v_candidate_audit_summary.json,3692,2a559c30487e5b164908cf6d99d2e1f4f59079f269b278bd29af4871b264162a,summary_level_json,False,
tsc1_tsc2_sequence_interface_signal/tsc1_m771v_local_mv_control_feasibility/__pycache__/run_tsc1_m771v_local_mv_control_feasibility.cpython-313.pyc,17417,46b084a21a3d6bbb39be60adc88ba30c57ba424a9b836d2767adfeacf91ec800,excluded_path,False,
tsc1_tsc2_sequence_interface_signal/tsc1_m771v_local_mv_control_feasibility/run_tsc1_m771v_local_mv_control_feasibility.py,16363,dcacd58331feb867194a85c07f1a4b23ac6da664bd89444057b13f732b066956,excluded_path,False,
tsc1_tsc2_sequence_interface_signal/tsc1_m771v_local_mv_control_feasibility/tsc1_local_conserved_mv_positions.csv,1374,e9b37671eca2d022167b2976e7a4302c205f4eafa580a9c044bb2d53b49b23a8,csv_not_in_curated_keyword_set,False,
tsc1_tsc2_sequence_interface_signal/tsc1_m771v_local_mv_control_feasibility/tsc1_m771v_local_mv_control_feasibility_summary.json,4496,d3b13d15503a3d4be4cea79aedaa69e9e0b4ca5334d861ea2dddba144a985761,summary_level_json,False,
tsc1_tsc2_sequence_interface_signal/tsc1_m771v_local_mv_control_feasibility/tsc1_m771v_selected_local_mv_controls.csv,800,18e2ff2298bc30a7893bfa67065e54728090b61b65bfee239f438bb33e3dadda,curated_csv_keyword,False,
tsc1_tsc2_sequence_interface_signal/tsc1_m771v_local_position_controls/__pycache__/run_tsc1_m771v_local_position_controls.cpython-313.pyc,33049,e1a304cb0dec6029454b281c985ce932919d5e41bbeae3f820166b4f5b589292,excluded_path,False,
tsc1_tsc2_sequence_interface_signal/tsc1_m771v_local_position_controls/embeddings/tsc1_human_conserved_M_interface_hpos845_mutV_esmc-300m-2024-12.npy,4469888,b52d0107f9fee0844dc560fbc3d7936b5c976b9c36aec32584f5526b01ebf1d8,excluded_path,False,
tsc1_tsc2_sequence_interface_signal/tsc1_m771v_local_position_controls/embeddings/tsc1_human_conserved_M_noninterface_hpos806_mutV_esmc-300m-2024-12.npy,4469888,a9f7c7c19ca45e61b2e49fb2a56293225bfdd4c54ad3a398b98f1223c16b0ee4,excluded_path,False,
tsc1_tsc2_sequence_interface_signal/tsc1_m771v_local_position_controls/embeddings/tsc1_myotis_lucifugus_conserved_V_interface_hpos772_mutM_esmc-300m-2024-12.npy,4481408,865f4b48276774bd19fd2524db8ae201e9ca931167fc68a75d0ed218d0b18075,excluded_path,False,
tsc1_tsc2_sequence_interface_signal/tsc1_m771v_local_position_controls/embeddings/tsc1_myotis_lucifugus_conserved_V_noninterface_hpos723_mutM_esmc-300m-2024-12.npy,4481408,bbd56e3fe5e3813541000e2b670830f79ea5b8c2e695a8f368d8bd0538954716,excluded_path,False,
tsc1_tsc2_sequence_interface_signal/tsc1_m771v_local_position_controls/embeddings/tsc1_naked_mole_rat_conserved_V_interface_hpos772_mutM_esmc-300m-2024-12.npy,4473728,a2ba7830441627f958039d812305fa3a3a654e3ab2d54c128d4dfc6299ed81bf,excluded_path,False,
tsc1_tsc2_sequence_interface_signal/tsc1_m771v_local_position_controls/embeddings/tsc1_naked_mole_rat_conserved_V_noninterface_hpos723_mutM_esmc-300m-2024-12.npy,4473728,b92802dc1bef6b91a9d5752ba1dfb7de556f0d5f417754350ae3845233da0754,excluded_path,False,
tsc1_tsc2_sequence_interface_signal/tsc1_m771v_local_position_controls/run_tsc1_m771v_local_position_controls.py,38534,a4576e420dcb1ed42b60177d0020eb03fe5758412bfa418e38066576e7d39898,excluded_path,False,
tsc1_tsc2_sequence_interface_signal/tsc1_m771v_local_position_controls/tsc1_m771v_local_position_control_manifest.csv,3720,de81334629b9a51b96bc5bde9222b415e6b534c77bc38fc9ceb09f2b85b35480,curated_csv_keyword,False,
tsc1_tsc2_sequence_interface_signal/tsc1_m771v_local_position_controls/tsc1_m771v_local_position_control_summary.json,2988,564dea00769edd5f08a10ce0c6562b495110d269ca2668e550d069f48c62e40f,summary_level_json,False,
tsc1_tsc2_sequence_interface_signal/tsc1_m771v_local_position_controls/tsc1_m771v_local_position_delta_directions.csv,1285,9f5715a15581f21b9edf6fbe4a3fbf7e78fd91801937ef950192c8190a4f38dc,csv_not_in_curated_keyword_set,False,
tsc1_tsc2_sequence_interface_signal/tsc1_m771v_local_position_controls/tsc1_m771v_local_position_effects.csv,3986,2a468fa31a80d1dae991e202dcb2009cc2aa5752ac380da7af3ff6bf99e6773a,csv_not_in_curated_keyword_set,False,
tsc1_tsc2_sequence_interface_signal/tsc1_m771v_local_position_controls/tsc1_m771v_local_position_ranks.csv,4508,c8bfaff0b173b06778a2e601f21588a8133e8c8e9c41e449deea7774ce6410bb,csv_not_in_curated_keyword_set,False,
tsc1_tsc2_sequence_interface_signal/tsc1_m771v_position_control_audit/__pycache__/run_tsc1_m771v_position_control_audit.cpython-313.pyc,18166,46c730c8a904d7b3873eac09eb027eb59cbf63ac6bcec0f85faed948991251b1,excluded_path,False,
tsc1_tsc2_sequence_interface_signal/tsc1_m771v_position_control_audit/run_tsc1_m771v_position_control_audit.py,18209,fd382c6ba3cb85cf658369789d3bdff65b7b3ff5c641dc36c1ecbd16091e0efd,excluded_path,False,
tsc1_tsc2_sequence_interface_signal/tsc1_m771v_position_control_audit/tsc1_m771v_matched_position_controls.csv,813,60ccd23d2642ac6e38a7bf3434f5560dab33372ba1d6aec4388966fdc1a309e4,curated_csv_keyword,False,
tsc1_tsc2_sequence_interface_signal/tsc1_m771v_position_control_audit/tsc1_m771v_position_control_audit_summary.json,5146,05143b849d67068eb338d9c4b6b68266461293755a7a2beab658143ac5866714,summary_level_json,False,
tsc1_tsc2_sequence_interface_signal/tsc1_m771v_position_control_audit/tsc1_shared_two_lineage_patterns.csv,1276,5be8edfabd32aae5cdc7107cda8e8f4d50b183b56a5ba4cfcf28e43771f01bf1,csv_not_in_curated_keyword_set,False,
tsc1_tsc2_sequence_interface_signal/tsc1_m771v_reciprocal_embedding/__pycache__/run_tsc1_m771v_reciprocal_embedding.cpython-313.pyc,27478,8747bfcf8b0f6f239cebaae014670e6a352aa14a64c85b0f90c25b4b5e6f4ea8,excluded_path,False,
tsc1_tsc2_sequence_interface_signal/tsc1_m771v_reciprocal_embedding/embeddings/tsc1_human_mutant_esmc-300m-2024-12.npy,4469888,9a33e7ee9c52197497975f87c9c68163e572912fe0a468eadaf47e0efd2b8bba,excluded_path,False,
tsc1_tsc2_sequence_interface_signal/tsc1_m771v_reciprocal_embedding/embeddings/tsc1_human_wt_esmc-300m-2024-12.npy,4469888,147dacfcf45b7559fbd9469db0c16d09e535e4a11c7bd04d577c0184b637a5c5,excluded_path,False,
tsc1_tsc2_sequence_interface_signal/tsc1_m771v_reciprocal_embedding/embeddings/tsc1_myotis_lucifugus_mutant_esmc-300m-2024-12.npy,4481408,cab82f5c84a43d7cb41a10887aedc8a4a39cc99ffabf12a93227859a9de29392,excluded_path,False,
tsc1_tsc2_sequence_interface_signal/tsc1_m771v_reciprocal_embedding/embeddings/tsc1_myotis_lucifugus_wt_esmc-300m-2024-12.npy,4481408,5cc7c3c7bf40fcfd37335c522a60ee95114c4287e9b920bc2002fe74c08731f6,excluded_path,False,
tsc1_tsc2_sequence_interface_signal/tsc1_m771v_reciprocal_embedding/embeddings/tsc1_naked_mole_rat_mutant_esmc-300m-2024-12.npy,4473728,f6d6f6d8efbc2293907cc1a70aad2bfa6228d45f7c626ad86e77c332c2ac4b4c,excluded_path,False,
tsc1_tsc2_sequence_interface_signal/tsc1_m771v_reciprocal_embedding/embeddings/tsc1_naked_mole_rat_wt_esmc-300m-2024-12.npy,4473728,f50cd13d807c869e3f4bcfd55555c119b22301f1fb03dbe4f4cad3e75975dad6,excluded_path,False,
tsc1_tsc2_sequence_interface_signal/tsc1_m771v_reciprocal_embedding/run_tsc1_m771v_reciprocal_embedding.py,29069,ef291e35c4918ee93750a79c4de706e009eddc1fcc3c782bd3a11878b3a7066d,excluded_path,False,
tsc1_tsc2_sequence_interface_signal/tsc1_m771v_reciprocal_embedding/tsc1_m771v_embedding_manifest.csv,1910,31ce3eec7270cdb1a79584ed754a7fcfdd10c0407dd93217893408e670dcae74,csv_not_in_curated_keyword_set,False,
tsc1_tsc2_sequence_interface_signal/tsc1_m771v_reciprocal_embedding/tsc1_m771v_reciprocal_embedding_summary.json,2603,ef354d11866f31548ee44f9ea87b7c4745c82e64e055d13ac2a2df908b74f983,summary_level_json,False,
tsc1_tsc2_sequence_interface_signal/tsc1_m771v_reciprocal_embedding/tsc1_m771v_reciprocal_rescue.csv,1566,161850796d3ba6f73d2ce59bdcc0adc4604e9a7c283423fc607add02517eadf7,csv_not_in_curated_keyword_set,False,
tsc1_tsc2_sequence_interface_signal/tsc1_m771v_reciprocal_embedding/tsc1_m771v_within_background_effects.csv,1065,78d16accd6fc5a8566f902102d3a45f7cab7de24d32894e49c5e585c4dd2d013,csv_not_in_curated_keyword_set,False,
tsc1_tsc2_sequence_interface_signal/tsc1_m771v_specificity_controls/__pycache__/run_tsc1_m771v_specificity_controls.cpython-313.pyc,26213,85d43abdc87c48989a7311762fdec28238ec1a6aff9f2518fb25f9b26dd6bf48,excluded_path,False,
tsc1_tsc2_sequence_interface_signal/tsc1_m771v_specificity_controls/embeddings/tsc1_human_candidate_I_esmc-300m-2024-12.npy,4469888,2a440b064a09765b0c16a8bf976743d604808883a38a7939e6b85af4b0a33ab3,excluded_path,False,
tsc1_tsc2_sequence_interface_signal/tsc1_m771v_specificity_controls/embeddings/tsc1_human_candidate_L_esmc-300m-2024-12.npy,4469888,94c3012e723c6ccfedbefee1f1273654c126883cfadfefa41c5bfd93036d584a,excluded_path,False,
tsc1_tsc2_sequence_interface_signal/tsc1_m771v_specificity_controls/embeddings/tsc1_myotis_lucifugus_candidate_I_esmc-300m-2024-12.npy,4481408,a767cd0c4697c0207f496bf3b61ac1c510c7d2e2ae0eb01f7cc5f45df86fd1e9,excluded_path,False,
tsc1_tsc2_sequence_interface_signal/tsc1_m771v_specificity_controls/embeddings/tsc1_myotis_lucifugus_candidate_L_esmc-300m-2024-12.npy,4481408,71dfac45724437d58874a9fe9ad9f49c0352f495bb9baffc1416763bc56aa449,excluded_path,False,
tsc1_tsc2_sequence_interface_signal/tsc1_m771v_specificity_controls/embeddings/tsc1_naked_mole_rat_candidate_I_esmc-300m-2024-12.npy,4473728,cb971aeb0e8466c711418c575ec22f749479f800eaadd4a107825543dc34bbfe,excluded_path,False,
tsc1_tsc2_sequence_interface_signal/tsc1_m771v_specificity_controls/embeddings/tsc1_naked_mole_rat_candidate_L_esmc-300m-2024-12.npy,4473728,47f776a717f0a4e7e33408efe8be79ff857f58ee545414cdd2beecea992fb30d,excluded_path,False,
tsc1_tsc2_sequence_interface_signal/tsc1_m771v_specificity_controls/run_tsc1_m771v_specificity_controls.py,27200,b1fe833c18e0e69d4b9f05a6020671a0c9002612687bdcb706187c179e8795d1,excluded_path,False,
tsc1_tsc2_sequence_interface_signal/tsc1_m771v_specificity_controls/tsc1_m771v_specificity_manifest.csv,3749,348cd52d24360e235b0be30ee185f5b1476601e508105db0444485ba9cb6b032,csv_not_in_curated_keyword_set,False,
tsc1_tsc2_sequence_interface_signal/tsc1_m771v_specificity_controls/tsc1_m771v_specificity_ranks.csv,965,8fa6de5f5fac0b4c6da02f38722d7a6f888f707973b227dbe842ede2ef178301,csv_not_in_curated_keyword_set,False,
tsc1_tsc2_sequence_interface_signal/tsc1_m771v_specificity_controls/tsc1_m771v_specificity_rescue.csv,3002,f17367e96a708b312b6c40e1281d8576fabf82f176250faf69c59763332673c1,csv_not_in_curated_keyword_set,False,
tsc1_tsc2_sequence_interface_signal/tsc1_m771v_specificity_controls/tsc1_m771v_specificity_summary.json,2621,4e5fc63d4c5137d9e1dc3b5a87a5a3156f7abf6bba0b2692353b972ffb3864a2,summary_level_json,False,
tsc1_tsc2_sequence_interface_signal/tsc1_tsc2_interface_divergence_metrics.csv,15599,1d2aeed8f3248cfb613b88e209edb7142ff01a007bd8010132b935f967dce949,curated_csv_keyword,False,
tsc1_tsc2_sequence_interface_signal/tsc1_tsc2_interface_position_states.csv,25682,7f14c6940b6774e1c0b80ca471ad8d8340a6385c45686ada915955dd002df27c,csv_not_in_curated_keyword_set,False,
tsc1_tsc2_sequence_interface_signal/tsc1_tsc2_interface_sequence_panel.csv,6857,ba5f213c9b3da2ec17aebfa5d9af20a81b118891cdd2c39b62438a313bed446c,csv_not_in_curated_keyword_set,False,
tsc1_tsc2_sequence_interface_signal/tsc1_tsc2_long_lived_interface_candidates.csv,597,e49be27470ae3011bc15f9841ef8bf483cf7fbe54cd4be82d2862842fc886db4,curated_csv_keyword,False,
tsc1_tsc2_sequence_interface_signal/tsc1_tsc2_sequence_interface_signal_summary.json,6217,ff2f1e07f28440a63078a9979f0011dcace9e399bd39d2c3b24cce4b36b12de2,summary_level_json,False,
tsc1_tsc2_sequence_interface_signal/tsc1_uniprot_candidates.csv,3721,6b203098ed498b00a9643ec4e14c598e902b485a49c4d920a93fe23035e0cec0,curated_csv_keyword,False,
tsc1_tsc2_structure_context_audit/__pycache__/run_tsc1_tsc2_structure_context_audit.cpython-313.pyc,15700,28e019bf6089640f621c4ba1fadf96bed1b138311a65016dae1a416aa5a1638d,excluded_path,False,
tsc1_tsc2_structure_context_audit/run_tsc1_tsc2_structure_context_audit.py,16156,3653ef46e9982df4f2c4239d23a43e4d34f69383167daaabaeb0b1512b956fa4,excluded_path,False,
tsc1_tsc2_structure_context_audit/structures/7dl2.pdb,2268284,a4f08e6b97e9ffda90752dbf49e13a36dc66d086d87df44b8a7f4c26cec973ae,excluded_path,False,
tsc1_tsc2_structure_context_audit/tsc1_tsc2_chain_mapping_audit.csv,1041,0c9bd81437317c2dcb0393dc5c95b504bfa7ffd4dcb71ab76d2f47dea649139e,curated_csv_keyword,False,
tsc1_tsc2_structure_context_audit/tsc1_tsc2_interface_pair_audit.csv,6471,b3835ce0f43cedd4f75ecdcca13d2b4050561d7bd06f9a5a30895e73d8ee5fe8,curated_csv_keyword,False,
tsc1_tsc2_structure_context_audit/tsc1_tsc2_structure_context_summary.json,2807,2411d8990a76cdf5fc2dfa85a8a4bd171e07bce82b64999accdd287c222f682d,summary_level_json,False,
tsc2_rheb_feasibility/__pycache__/run_tsc2_rheb_feasibility.cpython-313.pyc,11823,09e3018e9d0c46da7f11afdcfe6d2d239d4c3f1066410d3bacd1d68ebc128c74,excluded_path,False,
tsc2_rheb_feasibility/run_tsc2_rheb_feasibility.py,9808,792bb0fdc41579714e85176dd9cc9ae2c6ef2f0baf935d78e96f7d2366f70786,excluded_path,False,
tsc2_rheb_functional_site_panel/__pycache__/run_tsc2_rheb_functional_site_panel.cpython-313.pyc,20750,c81c43f079a1de67b92e0397402a656c15898aa5458d38a34a57838542517781,excluded_path,False,
tsc2_rheb_functional_site_panel/run_tsc2_rheb_functional_site_panel.py,19992,20820d1b03b84a031c7a4d53064677143669ec09bfe26497f030d58a770281c8,excluded_path,False,
tsc2_rheb_functional_site_panel/sequences/elephant_RHEB_G3SM68_context.fasta,232,a268d26f885623b9521f026b192bf4eb64883444ffb8fdbdf93602329198fd47,excluded_path,False,
tsc2_rheb_functional_site_panel/sequences/elephant_RHEB_G3SM68_full.fasta,218,32b25d2c1231aad778fa9cf2c7f0864d391d970b2b01fec52cc42740e180586f,excluded_path,False,
tsc2_rheb_functional_site_panel/sequences/elephant_TSC2_G3TF51_context.fasta,277,3bd737f683dd757a052e8c43bc6fe57ba91e64a1f55aa7cde5c0d26463121565,excluded_path,False,
tsc2_rheb_functional_site_panel/sequences/elephant_TSC2_G3TF51_full.fasta,1884,45d540b30cf6ff3d2925f99a14017f67ec4e3e4fb854603740dbc9e34ec040be,excluded_path,False,
tsc2_rheb_functional_site_panel/sequences/hamster_RHEB_A0ABM2WQP8_context.fasta,235,00c13eb933927cf999cb912f169c8d822c1b1b042fb0979574f19b420ffb1954,excluded_path,False,
tsc2_rheb_functional_site_panel/sequences/hamster_RHEB_A0ABM2WQP8_full.fasta,221,3110a9dac2b154a75f1db8af45b391e1a28be929625bcf094db1aa93aafd8901,excluded_path,False,
tsc2_rheb_functional_site_panel/sequences/hamster_TSC2_A0ABM2XNA3_context.fasta,279,695647758ef939bb979184b0dfb9b47b9ae9995b1047644d4a694268a5bce35e,excluded_path,False,
tsc2_rheb_functional_site_panel/sequences/hamster_TSC2_A0ABM2XNA3_full.fasta,1886,c978c32c7d94536da3067aa838fac159d4b32ee7b8bfb1b440d8c48ddb0f8cda,excluded_path,False,
tsc2_rheb_functional_site_panel/sequences/human_RHEB_Q15382_context.fasta,229,5dcd1bc8ad626ac835a3fc9eee69d55bd06d0733686fb2c5219388cba4ad85b5,excluded_path,False,
tsc2_rheb_functional_site_panel/sequences/human_RHEB_Q15382_full.fasta,215,b7d1771693fb239eee656683684e0f3a8e41bd37a17c37c054f0af20723d0390,excluded_path,False,
tsc2_rheb_functional_site_panel/sequences/human_TSC2_P49815_context.fasta,273,a654c3ac36e0ee5d5154679bf79a4ad2d5855354b4cd5189b21ffbad44f126dc,excluded_path,False,
tsc2_rheb_functional_site_panel/sequences/human_TSC2_P49815_full.fasta,1878,59283913a54dc9e97faa7936e98242f36a0c470f86e7aba3aa9296b138eb6e82,excluded_path,False,
tsc2_rheb_functional_site_panel/sequences/mouse_RHEB_Q921J2_context.fasta,229,108f81dfe5d073ec209360b7172d6226296b25b36dc99ae37ce33c46de084d1f,excluded_path,False,
tsc2_rheb_functional_site_panel/sequences/mouse_RHEB_Q921J2_full.fasta,215,3b742a1ef9debf2d1e3a09f814c2d743c448b9df93b3be7a0c07c362c40a26d7,excluded_path,False,
tsc2_rheb_functional_site_panel/sequences/mouse_TSC2_Q61037_context.fasta,280,99b3e239f574bca5fb7b467ae1c55cbad18aeb6ea7e69f8000370394ac4a54cb,excluded_path,False,
tsc2_rheb_functional_site_panel/sequences/mouse_TSC2_Q61037_full.fasta,1885,c6399bb37eb410c53ce3b83ee964f478b6d3c889b7f35844e1059842eb7dbbf8,excluded_path,False,
tsc2_rheb_functional_site_panel/sequences/myotis_lucifugus_RHEB_G1P247_context.fasta,235,10da599d8095d8748675c656ec9bc4a3662a46812372fcc6ccf128281429f070,excluded_path,False,
tsc2_rheb_functional_site_panel/sequences/myotis_lucifugus_RHEB_G1P247_full.fasta,221,7e9e2612c9ef79db9c0ebd92f07bd3e798ccb728ab47a25a03e1a0abfc1e1287,excluded_path,False,
tsc2_rheb_functional_site_panel/sequences/myotis_lucifugus_TSC2_G1P200_context.fasta,284,68ec5b7b2d69f53e930d94bfee7368dd4d17921279534af6a35561e491bf1042,excluded_path,False,
tsc2_rheb_functional_site_panel/sequences/myotis_lucifugus_TSC2_G1P200_full.fasta,1891,4d00328f2a67b75fce7d5bc074da590468f83ac13a92661a52a6f3bc857c18ca,excluded_path,False,
tsc2_rheb_functional_site_panel/sequences/naked_mole_rat_RHEB_A0A0P6K201_context.fasta,242,864a3e892c825133d73b14593ecfbb434e1ab27aff89df31a19c4f80971536c3,excluded_path,False,
tsc2_rheb_functional_site_panel/sequences/naked_mole_rat_RHEB_A0A0P6K201_full.fasta,228,62c68e0660d240eb31c47c8953f2156ed4fb45f5335c9455f31ad20853962194,excluded_path,False,
tsc2_rheb_functional_site_panel/sequences/naked_mole_rat_TSC2_A0AAX6QDW1_context.fasta,286,78d8a7d33290b7902eb2da3ed2a0bfd3fb05113c94d9367e6cf935f210f392e9,excluded_path,False,
tsc2_rheb_functional_site_panel/sequences/naked_mole_rat_TSC2_A0AAX6QDW1_full.fasta,1893,352e32a0dae10c7764b2bc7ff3aae0f7a4cf5b47b80a30504568b9cfa13b1a9a,excluded_path,False,
tsc2_rheb_functional_site_panel/sequences/rat_RHEB_Q62639_context.fasta,227,715b1cc3c5073dd5d3da442db0008338b381fc45605b0a78d80fb8c455cbb61b,excluded_path,False,
tsc2_rheb_functional_site_panel/sequences/rat_RHEB_Q62639_full.fasta,213,237717b9b336f7b9a537dc142c9edc5930b063df6ae7b1f533ffb0698522d809,excluded_path,False,
tsc2_rheb_functional_site_panel/sequences/rat_TSC2_P49816_context.fasta,271,06e8436f70ca4e7eb952d7a5ba6cdc7ae1d28718b78d99e12256b586d74dc688,excluded_path,False,
tsc2_rheb_functional_site_panel/sequences/rat_TSC2_P49816_full.fasta,1878,4d8a847835e8382560b0db264bf7cd9d1219d9315bf3108782c0dc9eb1367350,excluded_path,False,
tsc2_rheb_functional_site_panel/tsc2_rheb_functional_site_panel.csv,9711,af9efb7ec1a2dc6275b9416569e40e3368d6f501a17a8d995183a185d822a9fd,csv_not_in_curated_keyword_set,False,
tsc2_rheb_functional_site_panel/tsc2_rheb_functional_site_panel_summary.json,1483,1f5068c9f2ce019a9d3d220935290a4700389ab9fd4973327284c336fb113a4f,summary_level_json,False,
tsc2_rheb_functional_site_panel/tsc2_rheb_uniprot_candidates.csv,24367,eb0a337f1debe0821b84c72ee28a46e2305c4b6c99abf8b324d92a0c257b62df,curated_csv_keyword,False,
tsc2_rheb_sequence_signal/__pycache__/run_tsc2_rheb_sequence_signal.cpython-313.pyc,21372,9bfdc7966c055d80d2a4058da029d4e84a90f3bbe13a48801bda83641dbe63f4,excluded_path,False,
tsc2_rheb_sequence_signal/run_tsc2_rheb_sequence_signal.py,22712,0f875663b12193f5ad80576061d1515334e44c748ba1d8f97304add2225ae482,excluded_path,False,
tsc2_rheb_sequence_signal/tsc2_rheb_long_lived_candidates.csv,604,74480d545ec518fad0a6dc54d782728c83f6bc5e186fbf4b14910e8a2dea204f,curated_csv_keyword,False,
tsc2_rheb_sequence_signal/tsc2_rheb_position_states.csv,28118,23f31d63e161355a2a69855c37040fcbbeeddc26c2868ae30f0815deee587634,csv_not_in_curated_keyword_set,False,
tsc2_rheb_sequence_signal/tsc2_rheb_sequence_signal_summary.json,5744,f3b23498ec1131f5fde0206b9585b0afd8c88a0758757ab1360d8c5df53eb3ad,summary_level_json,False,
tsc2_rheb_sequence_signal/tsc2_rheb_species_divergence_metrics.csv,1868,0fca746cd4b6ef0b65527fd9954bf9da157519518c78985e88775c7d2502d2c0,curated_csv_keyword,False,
